SSID;BSSID;Security;Frequency;Capabilities;Sinal Strength;Rel Signal Strength
Visitantes;a2:f3:c1:aa:60:34;WPA-PSK;2462;;;100
Dionei_Int;b8:55:10:79:62:74;WPA-PSK;2462;;;26
Noemi_Int;14:d6:4d:80:4f:b0;WPA-PSK;2437;WPS;;24
wireom15-p3;00:0c:42:6a:3e:90;WEP;2447;;;40
wireom5-p1;00:0b:6b:80:cd:d1;WEP;2432;;;22
Tanara_Int;1c:af:f7:99:15:ac;WPA-PSK;2427;WPS;;28
Merten_INT;a0:f3:c1:61:8f:a6;WPA-PSK;2422;WPS;;24
COOTRANSA;c4:e9:84:47:c7:04;WPA-PSK;2422;WPS;;15
Transnunes_Net;c4:e9:84:b8:55:64;WPA-PSK;2422;WPS;;24
wireom15-p2;00:0c:42:6b:81:4f;WEP;2427;;;17
HPC67620;02:2e:4e:79:98:74;;2457;;;24
Freitas_Int;64:70:02:3b:57:80;WPA-PSK;2427;WPS;;20
BM2;00:1a:3f:74:86:54;WPA-PSK;2462;;;15
SaoSebastiao_Int;64:66:b3:ec:fa:4c;WPA-PSK;2427;WPS;;22
Paulo_Lacerda;00:1a:3f:23:e4:72;WPA-PSK;2437;WPS;;24
BATISTA PNEUS;c4:6e:1f:df:7c:88;WPA-PSK;2462;WPS;;20
Bazana_INT;90:f6:52:c2:e1:ba;WPA-PSK;2437;WPS;;26
Gian_int;64:70:02:82:98:18;WPA-PSK;2417;WPS;;40
SJPH21;00:21:8d:02:64:2c;WPA-PSK;2447;;;17
SJPH32;4c:5e:0c:7b:15:91;WPA-PSK;2427;;;31
Valtair;c8:3a:35:0c:e2:18;WPA-PSK;2417;;;22
PNEUS;c0:4a:00:5d:01:14;WPA-PSK;2442;;;15
Pizzuti;e8:de:27:72:e8:8c;WPA-PSK;2427;WPS;;28
aliceadroaldo;00:1a:3f:29:f6:57;WPA-PSK;2462;;;20
SJPH42;00:1a:3f:ab:ec:1c;WPA-PSK;2462;WPS;;40
SHPH43;4c:5e:0c:7a:23:bd;WPA-PSK;2412;;;17
EDIO;00:1d:1a:0b:37:1c;WEP;2427;WPS;;20
wireom15-p4;00:02:6f:51:85:83;WEP;2412;;;24
CAROLINE;c4:e9:84:b8:8a:18;WPA-PSK;2422;WPS;;53
wireom8-p2;00:02:6f:61:93:80;WEP;2472;;;31
SJPH33;00:1a:3f:87:07:aa;WPA-PSK;2437;;;26
SJPH23;4c:5e:0c:7a:25:43;WPA-PSK;2447;;;35
SJPH;4c:5e:0c:7a:23:cf;WPA-PSK;2457;;;33
Visitantes_SJPH;4e:5e:0c:7a:23:cf;WPA-PSK;2457;;;26
SHPH34;00:1a:3f:9c:d3:7e;WPA-PSK;2417;WPS;;20
wireom15-p1;00:0c:42:6b:81:55;WEP;2412;;;33
Lusiana_Int;f4:6d:04:ea:a8:4c;WPA-PSK;2427;;;35
SJPH45;00:21:8d:02:ed:90;WPA-PSK;2412;;;31
N1_Isa;00:27:22:fc:70:12;WPA-PSK;2447;;;42
SJPH35;00:12:0e:97:d5:ab;WPA-PSK;2447;;;13
SJPH44;00:1a:3f:97:66:a6;WPA-PSK;2422;WPS;;44
Joao-Int;c4:e9:84:bd:55:50;WPA-PSK;2432;WPS;;33
Alan;64:66:b3:c1:58:32;WPA-PSK;2462;WPS;;33
Verlei_Int;e8:de:27:81:3c:ca;WPA-PSK;2427;WPS;;22
SJPH24;00:12:0e:9a:15:5b;WPA-PSK;2412;;;31
NP-R;00:0c:42:6e:14:11;WPA-PSK;2417;;;31
POSTO DO BATISTA;c4:6e:1f:e4:ff:58;WPA-PSK;2437;WPS;;13
Agua Azul Piscinas - Wifi;c4:e9:84:a7:c8:dc;WPA-PSK;2437;WPS;;31
GAVIOLI;78:44:76:18:3c:18;WPA-PSK;2462;;;40
GAVIOLI 2;c0:4a:00:c4:4c:b0;WPA-PSK;2412;WPS;;26
Faccin;14:cc:20:fa:09:7c;WPA-PSK;2422;WPS;;22
Rede Gavioli;00:26:5a:5a:cf:ec;WPA-PSK;2437;;;24
GAVIOLI_CASA;00:1a:ef:14:ee:22;WPA-PSK;2412;WPS;;40
Leonel_Int;c4:6e:1f:3c:ab:ee;WPA-PSK;2427;WPS;;35
Aline1_Int;c8:3a:35:06:f0:a0;WPA-PSK;2422;;;33
higor_pc;64:66:b3:ed:15:ea;WPA-PSK;2412;WPS;;28
Laura_Int;64:66:b3:a0:ff:d6;WPA-PSK;2427;WPS;;26
HP-Print-85-Deskjet 2540 series;ec:b1:d7:fc:fd:85;WPA-PSK;2422;;;44
Aline2_Int;c4:e9:84:3d:75:84;WPA-PSK;2422;WPS;;35
Rafael_Int;c8:3a:35:2f:e3:48;WPA-PSK;2422;;;40
Carla_INT;c8:be:19:88:b2:36;WPA-PSK;2462;WPS;;26
Elizabete_Int;c8:3a:35:48:6b:b8;WPA-PSK;2447;;;26
Tania_Int;30:b5:c2:d5:07:16;WPA-PSK;2427;WPS;;20
FERNANDA-PC_Network_1;6c:fd:b9:39:56:d4;WPA-PSK;2412;WPS;;35
BatCaverna;c8:3a:35:31:a0:28;WPA-PSK;2447;;;33
Julio-Wifi;c4:6e:1f:ce:ba:ea;WEP;2462;WPS;;20
Eduardo;64:70:02:f7:f7:c2;WPA-PSK;2412;WPS;;17
Halysson;00:21:91:6b:af:52;WPA-PSK;2437;;;40
GILSANE M;c8:3a:35:51:72:98;WPA-PSK;2412;;;22
NEONET;c8:3a:35:08:71:60;WPA-PSK;2437;;;31
Maria_Int;30:b5:c2:da:db:e4;WPA-PSK;2427;WPS;;20
Fernanda_Int;64:66:b3:ec:fb:8c;WPA-PSK;2427;WPS;;17
CONECTA_BR;00:0e:e8:d3:e2:cb;;2442;;;40
Cristian_int;c8:3a:35:05:bd:d0;WPA-PSK;2437;;;24
Cida_Int;64:66:b3:ae:d8:a8;WPA-PSK;2412;WPS;;42
KLOP-PC_Network;c0:4a:00:87:f4:68;WPA-PSK;2462;WPS;;40
MARIA;c8:3a:35:3a:47:68;WPA-PSK;2462;;;26
Figueira_Lima;00:0f:fd:1f:d8:50;WPA-PSK;2437;;;28
TelmeAir-Free;00:0f:fd:1f:d8:51;;2437;;;33
PeixinhoNet;64:66:b3:dd:0d:74;WPA-PSK;2462;WPS;;24
Paulo-;30:b5:c2:a0:e9:9a;WPA-PSK;2412;WPS;;33
GUINALIA;b0:48:7a:ed:56:8c;WPA-PSK;2412;;;24
Karine-;30:b5:c2:a0:d8:5a;WPA-PSK;2412;WPS;;37
Ildo;e8:94:f6:d8:08:fc;WPA-PSK;2457;WPS;;22
Marisete_Int02;30:b5:c2:d4:fe:9c;WPA-PSK;2422;WPS;;24
Eron_WiFi;c4:e9:84:f6:62:42;WPA-PSK;2437;;;28
Marisete_Int;30:b5:c2:cc:59:a2;WPA-PSK;2417;WPS;;24
ines;90:f6:52:53:e3:30;WPA-PSK;2452;WPS;;22
Vera_Int;a0:f3:c1:3b:31:0a;WPA-PSK;2427;WPS;;42
Eliezer_Int;64:70:02:82:ac:ca;WPA-PSK;2432;WPS;;28
Neuza;c8:3a:35:09:8e:38;WPA-PSK;2432;;;26
wireom8-p6h;00:0c:42:6b:89:85;WEP;2467;;;31
ALEXANDRE-PC_Network;f8:1a:67:9c:98:76;WPA-PSK;2452;WPS;;35
AndersonNF_Int;c4:e9:84:b8:80:be;WPA-PSK;2432;WPS;;33
Eron;f0:7d:68:e5:37:36;WPA-PSK;2447;;;31
Melise_Int;c8:3a:35:5d:32:78;WPA-PSK;2422;;;22
SOLANGE MADALOSSO;10:fe:ed:6e:fd:5e;WPA-PSK;2437;WPS;;28
vanderlei_Int;c4:6e:1f:e4:d3:f6;WPA-PSK;2427;WPS;;28
Leonel;c8:3a:35:2e:49:80;WPA-PSK;2437;;;31
NP2G-C;00:0c:42:6e:1e:2f;WPA-PSK;2412;;;33
ALUISIO;c8:3a:35:55:03:98;WPA-PSK;2437;;;31
Tania;54:64:d9:ba:c3:05;WPA-PSK;2462;WPS;;28
Oi WiFi Fon;72:64:d9:ba:c3:06;;2462;;;26
Cristian_Net;34:08:04:de:fa:4c;WPA-PSK;2437;WPS;;37
Dalvan;c8:3a:35:0b:84:b0;WPA-PSK;2452;;;26
NITHELI-PC_Network;a0:f3:c1:31:4d:e0;WPA-PSK;2452;WPS;;22
INTELBRAS;00:1a:3f:9e:95:56;WPA-PSK;2462;WPS;;40
Rosa_Int;78:44:76:69:c0:e8;WPA-PSK;2462;;;26
Carmen_Int;c0:4a:00:69:68:c0;WPA-PSK;2427;WPS;;28
Roggiaa;c4:e9:84:b8:4c:f0;WPA-PSK;2412;WPS;;35
Cleusa_Int;e8:de:27:80:b0:1a;WPA-PSK;2427;WPS;;26
wireom5-p2;00:0b:6b:57:43:18;WEP;2412;;;35
nao funciona;6c:19:8f:4d:d9:fc;WPA-PSK;2412;;;33
Broadcom;14:d6:4d:91:7f:82;WPA-PSK;2437;;;28
Glaucia;00:1a:3f:c8:51:51;WPA-PSK;2462;WPS;;24
REDECOLORADO;90:f6:52:4d:fe:60;WPA-PSK;2412;WPS;;22
tplink_sarturi;14:cc:20:9a:04:6a;WPA-PSK;2452;WPS;;22
Casa01;c8:3a:35:48:be:70;WPA-PSK;2452;;;22
Maristane_net;00:1a:3f:82:af:aa;WEP;2462;;;20
Telcar;c4:e9:84:b9:e5:5e;WPA-PSK;2412;WPS;;28
daiane-int;c4:6e:1f:e5:41:fc;WPA-PSK;2437;WPS;;40
HP-Print-BF-Officejet Pro 8610;fc:15:b4:a8:9f:bf;WPA-PSK;2412;;;26
SANTOANTONIO;30:b5:c2:8b:96:b1;WPA-PSK;2412;WPS;;26
91758448;f8:a9:d0:14:34:b1;;2432;;;33
Doralia1;14:cc:20:b8:82:20;WPA-PSK;2412;WPS;;71
Doralia;f8:d1:11:55:5e:d8;WPA-PSK;2412;WPS;;26
Alessandra_Int;c4:e9:84:bd:71:1e;WPA-PSK;2427;WPS;;22
meninas;f0:7d:68:db:c5:ed;WEP;2437;;;24
Adinam;1c:7e:e5:d6:1d:20;WPA-PSK;2437;WPS;;40
Thiago;b2:dc:fa:45:e6:35;WPA-PSK;2462;WPS;;20
Santa Maria;b2:ac:6c:26:08:4a;WPA-PSK;2462;WPS;;17
Debora_Int;30:b5:c2:ce:28:e4;WPA-PSK;2422;WPS;;33
Diego_Internet;00:0e:f4:e5:5d:f9;WPA-PSK;2437;WPS;;31
SINUELO;ac:f1:df:eb:f5:32;WPA-PSK;2412;WPS;;35
Ramoni;c4:e9:84:af:0a:04;WPA-PSK;2457;WPS;;26
SITMSTGO_Int;a0:f3:c1:9b:09:1c;WPA-PSK;2412;WPS;;35
SITMSTGO_Cliente;c4:e9:84:42:2a:fc;WPA-PSK;2437;WPS;;31
Paulo Noal;30:b5:c2:4d:4b:ec;WPA-PSK;2437;WPS;;28
Ciro;94:0c:6d:b1:44:26;WPA-PSK;2472;;;37
CASSOL;c4:6e:1f:08:3d:7a;WPA-PSK;2417;WPS;;26
wireom9-p2h;00:0c:42:6d:1b:d1;WEP;2452;;;37
wireom9-p1h;00:0c:42:6b:89:9d;WEP;2437;;;33
CASANET;00:1a:ef:3f:b9:4a;WPA-PSK;2412;WPS;;26
Fernando;54:b8:0a:92:74:d8;WPA-PSK;2412;;;28
AnaCarolina;e8:de:27:41:8c:cf;WPA-PSK;2412;WPS;;17
Edgar e Maria Helena;a8:a6:68:fd:bd:68;WPA-PSK;2462;;;24
Gaucho;e8:de:27:3d:de:1d;WPA-PSK;2462;WPS;;20
ione;14:d6:4d:f7:51:0d;WPA-PSK;2437;;;24
Eulalia_int;00:1a:ef:14:26:d5;WPA-PSK;2462;WPS;;44
Gurizada;c4:e9:84:4d:04:44;WPA-PSK;2462;WPS;;22
Marcos_Int;64:70:02:66:17:00;WPA-PSK;2427;WPS;;20
InspetoriaCREA;00:26:5a:67:23:14;WPA-PSK;2437;;;40
jteletronicos;e2:f3:18:67:88:8b;WPA-PSK;2457;WPS;;31
MAIRA;c4:e9:84:ac:69:92;WPA-PSK;2417;WPS;;20
streer_int;14:cc:20:9c:77:0c;WPA-PSK;2437;WPS;;26
Ronqui;1c:7e:e5:c3:81:a8;WPA-PSK;2437;;;24
Guasso_Miscelanea;f8:d1:11:3e:5a:fe;WPA-PSK;2437;;;37
Parceria Informatica;c2:9f:db:9d:6c:9d;WPA-PSK;2462;;;26
MECANICA CADAVAL;b2:ec:68:92:64:38;WPA-PSK;2412;WPS;;37
COLPO;c4:12:f5:c3:b5:8c;WPA-PSK;2417;WPS;;53
Bete;c8:3a:35:1a:88:a8;WPA-PSK;2462;;;26
wireom9-p4h;00:0c:42:6b:89:a1;WEP;2442;;;37
GABRIELE;00:17:d0:7c:eb:21;WPA-PSK;2437;;;22
Regina;00:1a:3f:21:aa:5c;WPA-PSK;2417;;;17
Elizabete_residencia;e8:de:27:ab:82:78;WPA-PSK;2432;WPS;;37
cassio;00:22:b0:98:a0:ec;WEP;2437;;;26
Carlinhos_Int;d8:5d:4c:f3:05:40;WPA-PSK;2432;WPS;;51
Cristian_Wifi;00:1a:3f:28:b2:e1;WPA-PSK;2417;;;28
marcelo;ce:88:28:87:4a:27;WPA-PSK;2452;WPS;;26
Wm;00:21:8d:36:10:36;WPA-PSK;2462;;;31
Cavalo;c4:e9:84:a6:fd:30;WPA-PSK;2427;WPS;;24
Secretaria;e4:8d:8c:40:0f:59;WPA-PSK;2412;;;28
Professores;e4:8d:8c:e8:55:0a;WPA-PSK;2412;;;28
Menalisa;b0:48:7a:a4:54:c2;WPA-PSK;2437;;;60
ap-gaviole;00:1a:3f:a0:df:e4;WPA-PSK;2462;;;26
fontoura.com;00:13:10:32:ef:71;WPA-PSK;2412;;;44
GAVIOLE;b2:81:63:69:c9:ac;WPA-PSK;2412;WPS;;33
sanwirep1h;00:0c:42:69:05:2b;WEP;2457;;;46
FABIO;00:1a:3f:9e:7d:62;WPA-PSK;2412;WPS;;26
Alvenir;fc:75:16:42:ee:04;WPA-PSK;2437;WPS;;44
Juliano;c4:6e:1f:6d:90:5a;WPA-PSK;2417;WPS;;33
Marlize;00:1a:3f:a4:d9:2e;WPA-PSK;2462;WPS;;22
Alice_Int;c0:4a:00:36:0c:2a;WPA-PSK;2432;WPS;;55
ADCogo;c4:6e:1f:ce:eb:fa;WPA-PSK;2412;WPS;;44
wireom2-p2;00:02:6f:52:96:51;WEP;2447;;;44
LUIS_FELIPE;00:1a:3f:bc:5c:24;WPA-PSK;2462;;;37
Rubiane;58:10:8c:ae:17:1c;WPA-PSK;2462;;;24
Correia;e8:94:f6:f6:69:fe;WPA-PSK;2457;WPS;;26
Rogerio;c8:3a:35:45:2b:e8;WPA-PSK;2437;;;53
StgoNet_PP;f8:d1:11:91:26:c6;WPA-PSK;2432;WPS;;35
Multilaser_WS02;c8:3a:35:48:df:28;WPA-PSK;2437;;;35
Wir_Neisa;00:25:86:c3:a1:ca;WPA-PSK;2412;;;26
SG2-L;4c:5e:0c:cc:34:6b;WPA-PSK;2437;;;66
ASarquitetura;14:cc:20:e0:88:2b;WPA-PSK;2452;WPS;;44
wireom1p2;00:0c:42:6d:1b:cd;WEP;2437;;;28
Andressa;fe:7a:35:a9:77:72;WPA-PSK;2432;WPS;;28
Julio.Barcelos ;a0:f3:c1:31:4d:e2;WPA-PSK;2427;WPS;;24
Maiara;00:1a:3f:bc:db:bc;WPA-PSK;2412;;;51
Peixoto;14:d6:4d:f7:e0:c3;WPA-PSK;2462;;;24
Naires;64:66:b3:f5:de:b4;WPA-PSK;2422;WPS;;28
BETUS;14:cc:20:f1:b4:de;WPA-PSK;2462;WPS;;26
BIG FESTAS;00:18:e7:bd:46:a6;WPA-PSK;2462;;;40
Anderson;74:ea:3a:e7:8b:ce;WPA-PSK;2452;WPS;;28
DonGuilherme;84:c9:b2:e3:69:a5;WPA-PSK;2462;WPS;;55
wireom1p4;00:15:6d:4a:9b:1e;WEP;2427;;;26
wireom11-p2h;dc:9f:db:00:42:49;WEP;2447;;;33
Olaia_Int;e8:94:f6:cb:b5:5c;WPA-PSK;2452;WPS;;33
familiamacedo;7c:4f:b5:e8:22:41;WPA-PSK;2437;;;31
emilene_;72:11:cf:ce:fe:80;WPA-PSK;2457;WPS;;28
Maquina;30:b5:c2:6d:99:60;WPA-PSK;2437;WPS;;26
top 10 ;ce:d0:4e:17:6f:c1;WPA-PSK;2462;WPS;;26
Zila2;c8:3a:35:59:fd:b0;WPA-PSK;2462;;;24
VIACAO C.OESTE;38:46:08:e5:87:a4;WPA-PSK;2462;;;20
Douglas;c8:3a:35:45:cb:68;WPA-PSK;2437;;;40
ANA;00:1a:3f:18:3c:8d;WPA-PSK;2462;;;35
SERELEPE65;64:66:b3:78:22:10;WPA-PSK;2412;WPS;;26
MIGUEL VIERO;14:cc:20:8e:f3:50;WPA-PSK;2447;;;24
175404;c4:e9:84:3c:bb:54;WPA-PSK;2462;WPS;;24
Brum-visitantes;00:00:00:00:00:22;WPA-PSK;2427;;;22
wirbrum_____;4c:5e:0c:79:03:8d;WPA-PSK;2427;;;20
BOLZAN;c8:91:f9:a2:07:d8;WPA-PSK;2462;WPS;;33
Lama;34:08:04:0c:75:7c;WPA-PSK;2437;WPS;;28
Felipe_Int;64:66:b3:ae:d8:a4;WPA-PSK;2437;WPS;;17
Ap dos Aspiras;0a:20:59:45:68:65;WPA-PSK;2462;WPS;;46
Brum_casa_tplink;64:66:b3:f0:1d:4a;WPA-PSK;2412;;;33
Matos House;30:b5:c2:4c:8f:1e;WPA-PSK;2417;WPS;;42
Jorge_Int;c4:e9:84:47:95:98;WPA-PSK;2422;WPS;;24
Rosane_Int;f4:ec:38:e3:03:48;WPA-PSK;2422;WPS;;35
IaraCastiel;c8:3a:35:32:9f:b8;WPA-PSK;2422;;;28
NetSul-CEN;d4:ca:6d:12:46:f0;WPA-PSK;2452;;;40
HP-Print-9E-LaserJet 1102;f4:b7:e2:b6:37:9e;;2437;;;26
Alessandro;e2:3e:a4:4a:6b:04;WPA-PSK;2462;WPS;;33
AVR;00:15:e9:e0:1c:b9;WEP;2437;;;51
Esc-Tusi;f8:1a:67:91:95:ce;WPA-PSK;2422;WPS;;37
sanwirel;00:0c:42:68:30:ce;;2417;;;53
JLMB;34:08:04:ff:7b:6d;WPA-PSK;2437;;;31
maru_int;90:f6:52:b5:98:ce;WPA-PSK;2437;;;22
Cidade educadora;54:64:d9:c0:25:28;WPA-PSK;2462;WPS;;26
CHEQUIN;18:17:25:09:d4:d8;WPA-PSK;2462;;;20
sanwires;00:0c:42:69:63:18;;2427;;;26
Clovis;e2:5a:be:9a:7e:76;WPA-PSK;2432;WPS;;28
JLMB;f4:f2:6d:a0:08:75;WPA-PSK;2437;WPS;;26
Dalva;c8:3a:35:3b:df:a8;WPA-PSK;2442;;;24
HP86497E;02:25:c5:27:4a:25;;2457;;;24
3E GESTAO DE PESSOAS;b2:3f:3c:09:ad:13;WPA-PSK;2462;WPS;;20
3e;00:19:5b:d6:82:38;WPA-PSK;2417;;;40
wireom2-p4h;00:0c:42:6a:3e:88;WEP;2422;;;31
Eduardo;54:b8:0a:f3:df:eb;WPA-PSK;2442;WPS;;26
wireom2-p1;00:02:6f:52:96:67;WEP;2427;;;26
Pedro;b2:95:d4:d8:96:17;WPA-PSK;2412;WPS;;40
Davi_Int;c0:4a:00:7d:b8:7e;WPA-PSK;2437;WPS;;20
Alquimia-Int;78:44:76:59:77:33;WPA-PSK;2462;;;22
cecy1;ce:f9:bd:00:80:2b;WPA-PSK;2462;WPS;;20
Wordcell_Wifi;10:fe:ed:64:50:c2;WPA-PSK;2437;WPS;;35
Leonardo_Int;30:b5:c2:bb:63:ee;WPA-PSK;2422;WPS;;31
Idoc_Clinica_Recepcao;64:66:b3:d6:25:94;WPA-PSK;2437;WPS;;28
AUTOMASSUL;90:f6:52:68:7b:52;WPA-PSK;2462;WPS;;22
Celir;c0:4a:00:87:97:62;WPA-PSK;2412;WPS;;28
Henrique;00:1a:3f:a9:1a:52;WPA-PSK;2412;;;22
Thais_Linda;c4:6e:1f:68:de:5e;WPA-PSK;2417;WPS;;17
nestor;02:bd:b9:e2:c0:b7;WPA-PSK;2462;;;33
Idoc_Clinica;64:70:02:99:f2:2a;WPA-PSK;2437;;;22
juliano_int;00:1a:ef:12:cd:1e;WPA-PSK;2457;WPS;;24
Noara;30:b5:c2:6d:33:40;WPA-PSK;2437;WPS;;24
Elinara2_Int;d8:5d:4c:f3:0a:4c;WPA-PSK;2422;WPS;;22
Vivo Internet;50:9f:27:cf:70:a8;WPA-PSK;2462;WPS;;22
ubnt;68:72:51:04:7e:4d;WPA-PSK;2412;;;20
Janete;82:1a:cc:2c:b3:ac;WPA-PSK;2412;WPS;;26
JANETH_INT;cc:b2:55:1e:71:fc;WPA-PSK;2437;WPS;;28
1649_Bradesco;4a:d9:e7:0b:15:6d;WPA-PSK;2462;;;20
VARGAS;90:f6:52:d3:81:7e;WPA-PSK;2462;WPS;;26
Telvio;64:66:b3:a0:fe:92;WPA-PSK;2462;WPS;;33
BOT_AP;3c:ce:73:95:40:80;WPA-EAP;2462;;;24
oticAndrade;64:66:b3:71:cf:32;WPA-PSK;2462;WPS;;31
AP_DEPONTI;74:ea:3a:f4:02:88;WPA-PSK;2412;;;26
Neuza_int;90:f6:52:b5:a8:4e;WPA-PSK;2417;WPS;;26
Multilaser_14FC88;c8:3a:35:14:fc:88;WPA-PSK;2437;;;26
Rodrigo_Int;14:cc:20:50:ee:c3;WPA-PSK;2422;WPS;;33
santiago1_EXT;14:cc:20:46:44:44;WPA-PSK;2437;WPS;;28
Renata_Int;64:70:02:82:ad:98;WPA-PSK;2422;WPS;;26
lurosaprata;0a:11:8f:e3:bc:73;WPA-PSK;2412;WPS;;28
Alex Ramos;00:1a:3f:74:6a:fc;WPA-PSK;2462;;;28
For_men;c4:e9:84:b2:54:30;WPA-PSK;2432;WPS;;33
Marcio;f8:1a:67:f7:7f:ee;WPA-PSK;2422;WPS;;26
Bucco;c8:3a:35:3b:2f:00;WPA-PSK;2437;;;22
OMAR - Venancio Aires, 1043 Ap 2;74:ea:3a:f6:dd:29;WEP;2412;;;33
LOTERIA;d8:5d:4c:f4:02:c8;WPA-PSK;2472;;;31
Rodrigo_Int;64:70:02:66:1d:1c;WPA-PSK;2422;WPS;;28
advcres;00:17:3f:e5:a0:8f;WPA-PSK;2412;;;28
farma;14:cc:20:3a:d0:d6;WPA-PSK;2457;WPS;;20
Clandio_Int02;00:1a:3f:a4:90:52;WPA-PSK;2462;WPS;;33
Ana_Int;f8:d1:11:20:c4:be;WPA-PSK;2432;;;24
nderme_int;00:4f:62:1f:e8:0c;WEP;2462;;;28
VARGAS2;00:e0:20:32:10:a4;WPA-PSK;2462;WPS;;28
Otica Bella;c4:e9:84:e1:ba:f4;WPA-PSK;2412;WPS;;26
lucas;ce:23:3a:bd:2c:4b;WPA-PSK;2462;WPS;;26
Mari_Diogo;c8:3a:35:09:83:b8;WPA-PSK;2412;;;28
So Pagando;e8:de:27:df:78:d0;WPA-PSK;2462;WPS;;17
RestMario_Int;30:b5:c2:ce:5a:24;WPA-PSK;2422;WPS;;26
MM_Int;c8:3a:35:08:d1:98;WPA-PSK;2422;;;24
Luciano;1c:7e:e5:89:8e:b2;WPA-PSK;2412;WPS;;20
CLUBEUNIAO*;82:9d:98:b9:f2:1b;WPA-PSK;2452;WPS;;20
WiFi_Alexandre;c4:6e:1f:e5:01:a4;WPA-PSK;2437;;;22
Sandra_Int;c4:6e:1f:94:51:b2;WPA-PSK;2412;WPS;;26
wifiannai;00:e0:4b:cf:15:66;WPA-PSK;2462;WPS;;22
Tevah_int;c0:4a:00:7d:b5:d4;WPA-PSK;2462;WPS;;26
Oi_Velox_WiFi_896A;00:18:e7:a0:89:6a;WPA-PSK;2412;;;42
virtual_moveis;e8:de:27:7f:43:fa;WPA-PSK;2462;WPS;;28
Malu_Int;00:1a:3f:c6:1a:98;WPA-PSK;2432;WPS;;42
JP;d0:84:b0:a1:32:08;WPA-PSK;2412;WPS;;35
Rose-;00:1a:3f:a9:90:76;WPA-PSK;2412;;;33
Vanessa Nicola;ce:40:08:6d:d6:79;WPA-PSK;2412;WPS;;42
Ella_Shoes;14:cc:20:83:05:cc;WPA-PSK;2427;WPS;;22
marcos_montagner;e8:de:27:7f:49:b8;WPA-PSK;2462;WPS;;35
Giovana_Int;54:e6:fc:b9:80:9c;WPA-PSK;2432;WPS;;40
Laboratorio;f0:7d:68:df:b4:1a;WPA-PSK;2437;;;33
Casagireli_Int;c4:e9:84:42:16:28;WPA-PSK;2427;WPS;;26
Marilaine;c4:e9:84:b8:84:de;WPA-PSK;2452;WPS;;24
Claiton;c4:e9:84:49:3c:18;WPA-PSK;2412;WPS;;26
Brum;54:e6:fc:98:01:06;WPA-PSK;2412;;;48
M3studio;d0:84:b0:96:20:ee;WPA-PSK;2462;WPS;;33
JB_Calcados;30:b5:c2:51:41:34;WPA-PSK;2437;WPS;;28
SOL DE OURO;82:5a:42:e3:cf:1e;WPA-PSK;2412;WPS;;26
Carlos_;c4:6e:1f:df:3f:24;WPA-PSK;2427;WPS;;42
Belochio_Int;f4:f2:6d:21:d6:68;WPA-PSK;2412;WPS;;28
Paulo_Vaz;14:cc:20:b7:7f:02;WPA-PSK;2462;WPS;;24
GAUCHA;74:ea:3a:b8:d0:b2;WPA-PSK;2427;WPS;;31
AP 603;14:cc:20:37:72:01;WPA-PSK;2462;WPS;;22
sanwirep2h;00:0c:42:69:9b:1d;WEP;2427;;;33
Kero presentes;a0:f3:c1:94:a0:ea;WPA-PSK;2412;WPS;;46
GIOVANA;f8:1a:67:e3:17:44;WPA-PSK;2462;WPS;;22
maninha;c8:91:f9:a2:04:47;WPA-PSK;2462;WPS;;17
sanwireo;00:02:6f:51:8e:c0;;2437;;;37
GORSKI;c0:4a:00:54:be:28;WPA-PSK;2412;WPS;;22
Sarah Concept;e8:de:27:63:a6:6a;WPA-PSK;2437;WPS;;28
$ifra Consultoria;94:0c:6d:ed:4a:c0;WPA-PSK;2427;WPS;;22
CESARHOLANDA;00:18:e7:a0:af:58;WEP;2452;WPS;;24
Sarah Gestao ;90:f6:52:a7:38:78;WPA-PSK;2427;WPS;;33
PELLEGRINI;8c:10:d4:c4:68:f9;WPA-PSK;2412;WPS;;22
Carlos;c8:91:f9:a2:2d:92;WPA-PSK;2412;WPS;;20
santiago;78:54:2e:eb:b7:1a;WPA-PSK;2412;WPS;;40
Maconaria_Int;c4:e9:84:b2:1d:8e;WPA-PSK;2427;WPS;;28
NS2-BEL;00:0c:42:6e:1f:49;WPA-PSK;2442;;;35
Dutra;00:24:01:98:88:0c;WPA-PSK;2442;;;24
Andressa;1c:af:05:ba:6f:09;WPA-PSK;2437;;;22
Ilha Bella;00:1a:3f:97:69:24;;2462;WPS;;24
Olga2;00:1a:3f:28:b4:55;WPA-PSK;2462;;;28
Dpil;d0:84:b0:1e:2c:00;WPA-PSK;2462;WPS;;22
ZR_TECNOLOGIA;e8:de:27:ce:d1:90;WPA-PSK;2437;WPS;;31
TRI;c4:6e:1f:f3:f7:94;WPA-PSK;2437;WPS;;22
Alquimia;c4:e9:84:3d:15:3c;WPA-PSK;2412;WPS;;28
Reginato;82:24:0c:c5:65:3f;WPA-PSK;2412;WPS;;37
Farmácia Ilha Bella;e8:de:27:b3:cc:6c;WPA-PSK;2412;WPS;;24
Goelzer;d8:5d:4c:df:11:d2;WPA-PSK;2412;WPS;;35
Paula_Fank;54:64:d9:bc:92:de;WPA-PSK;2462;WPS;;22
MULTICELL;f0:7d:68:de:f5:16;WPA-PSK;2437;;;35
Luminar;c8:3a:35:58:7e:e8;WPA-PSK;2417;;;33
Natalin;c8:3a:35:1c:2c:68;WPA-PSK;2437;WPS;;20
Parceria;b0:48:7a:b3:f0:48;WPA-PSK;2417;WPS;;17
Status;28:cf:da:b0:84:37;WPA-PSK;2462;;;37
VirusParts;c0:4a:00:57:24:f4;WPA-PSK;2417;WPS;;20
Lan House Marcon;64:66:b3:5b:f4:cc;WPA-PSK;2412;WPS;;28
Bem-Me-Quer;64:70:02:6c:f8:a2;WPA-PSK;2422;WPS;;24
Tecnoplan1;e8:de:27:63:a6:40;WPA-PSK;2412;WPS;;31
CAVEIRA;e8:de:27:c8:6b:6f;WPA-PSK;2412;WPS;;33
SEG-Santiago;64:70:02:df:d1:e3;WPA-PSK;2437;;;20
Lehnhard;00:22:b0:44:75:b9;WEP;2437;;;20
Francisco_Int;c4:6e:1f:f4:02:8e;WPA-PSK;2422;WPS;;22
Nandico;c0:4a:00:69:20:f6;WPA-PSK;2447;WPS;;17
HP-Print-D9-Deskjet 2540 series;9c:b6:54:d8:5a:d9;WPA-PSK;2437;;;17
Tamiosso_Int;e8:94:f6:cb:fe:10;WPA-PSK;2422;WPS;;24
Tusi_escritorio2;a0:f3:c1:b1:12:7c;WPA-PSK;2437;WPS;;22
papelaria;00:21:91:75:64:36;WPA-PSK;2422;;;28
Tecnoplan;d8:5d:4c:c8:70:82;WPA-PSK;2472;;;28
Jorge_int;c4:e9:84:b8:8d:10;WPA-PSK;2427;WPS;;24
HP-Print-9D-Officejet Pro 8620;a0:2b:b8:72:3c:9d;WPA-PSK;2437;;;26
Cristiano_Int;e8:de:27:72:48:54;WPA-PSK;2427;WPS;;22
HENRIQUE-WIFI;00:18:39:a7:95:24;WEP;2427;;;20
LauraTusi_Int;c4:e9:84:47:7b:ac;WPA-PSK;2422;WPS;;48
Nascimento;58:10:8c:bd:69:a8;WPA-PSK;2462;;;22
Verdes_Pampas;00:1a:3f:86:44:62;WPA-PSK;2462;;;26
Ana Tusi;f4:ec:38:f2:61:ec;WPA-PSK;2462;;;22
Tamiosso2_Int;54:e6:fc:9c:23:ca;WPA-PSK;2422;WPS;;40
Familia_Nascimento;c8:3a:35:5a:4e:10;WPA-PSK;2462;;;31
tusi_escritorio;00:24:01:17:73:f5;WEP;2462;;;46
PC;c0:4a:00:57:24:f8;WPA-PSK;2437;WPS;;33
fudacao gaucha;5a:75:ca:0c:c8:f4;WPA-PSK;2412;WPS;;17
Hawai_WiFi;c4:e9:84:66:bc:f8;WPA-PSK;2412;WPS;;28
Hawai;64:70:02:59:72:f7;WPA-PSK;2462;WPS;;28
25_horas;64:70:02:6d:0c:12;WPA-PSK;2432;WPS;;22
Marco_Int;c4:e9:84:a8:b7:40;WPA-PSK;2462;WPS;;17
Betres;5a:2a:9c:55:5e:72;WPA-PSK;2447;WPS;;33
Emerson;d8:5d:4c:a2:a5:ee;WEP;2462;;;20
PADARIA PAO E GRAOS;e2:17:f5:3e:27:dd;WPA-PSK;2452;WPS;;24
Debora;64:66:b3:92:e6:e8;WPA-PSK;2417;WPS;;20
LETICIA;c4:12:f5:70:85:7a;WPA-PSK;2412;WPS;;33
TP-LINK_D9BC42;90:f6:52:d9:bc:42;WPA-PSK;2432;;;48
Queler;30:b5:c2:0c:64:d2;WPA-PSK;2412;WPS;;44
DIPESOM;5a:41:16:d4:b2:c5;WPA-PSK;2412;WPS;;40
Greatek;78:44:76:71:0d:0c;;2462;;;51
Lula;00:1a:3f:b7:f2:fc;WPA-PSK;2412;;;26
Castiel;84:c9:b2:60:10:3e;WPA-PSK;2412;WPS;;33
NemTentaViado;c8:3a:35:46:03:e0;WPA-PSK;2462;;;20
NetSul 32510087;90:f6:52:56:45:06;WPA-PSK;2412;WPS;;31
ARIZOLI;f8:1a:67:d3:26:b8;WPA-PSK;2437;WPS;;28
Partido;00:26:5a:d5:ef:63;;2412;;;37
Snake;c8:3a:35:2b:47:10;WPA-PSK;2437;WPS;;33
adalmir;b2:03:ba:bc:dc:d7;WPA-PSK;2427;WPS;;22
DELEVATTI1;10:fe:ed:8e:45:80;WPA-PSK;2462;WPS;;26
Cirurgica_Stgo;fc:f5:28:db:78:f8;WPA-PSK;2462;WPS;;28
WagnerLF ;5a:b6:7b:d3:5f:cc;WPA-PSK;2412;WPS;;42
Wagner(CASA);14:d6:4d:ba:e8:68;WPA-PSK;2437;WPS;;26
Mekal_Claiton;64:70:02:6d:0d:8a;WPA-PSK;2412;WPS;;40
maristelapolga;c4:6e:1f:3c:ad:14;WEP;2437;WPS;;24
Gilberto_Int;90:8d:78:62:a5:98;WPA-PSK;2432;WPS;;46
Denise_INT;00:25:86:bc:ac:44;WPA-PSK;2437;;;35
Thais;30:b5:c2:ce:5b:4e;WPA-PSK;2412;WPS;;28
wireom1p3;00:0c:42:6b:89:b8;WEP;2427;;;24
ANA;82:51:be:31:61:58;WPA-PSK;2452;WPS;;24
Lennon NET;fe:0a:38:a7:6e:9c;WPA-PSK;2447;WPS;;33
Iara;c8:3a:35:03:89:e8;WPA-PSK;2437;;;33
dichet;64:66:b3:6b:ee:5e;WPA-PSK;2462;WPS;;24
IdaSantiago;30:b5:c2:a0:77:94;WPA-PSK;2462;WPS;;24
Marli Martins;64:66:b3:38:77:0a;WPA-PSK;2437;WPS;;31
Factoring;5c:d9:98:76:30:2e;WPA-PSK;2437;;;17
INTRANETG;64:66:b3:ae:d8:d2;WPA-PSK;2462;WPS;;20
Navegacao;e6:8d:8c:ab:e8:db;WPA-PSK;2412;;;35
G;e4:8d:8c:ab:e8:db;WPA-PSK;2412;;;35
Roslise;00:1a:3f:26:bd:7b;WPA-PSK;2412;;;24
Guasso_Home;08:10:74:3f:46:18;WPA-PSK;2462;;;33
FOLHA;e8:de:27:ce:f4:c0;WPA-PSK;2437;WPS;;26
Leonora;c8:3a:35:37:49:40;WPA-PSK;2462;;;20
HotelGloria;90:f6:52:69:92:26;WPA-PSK;2412;WPS;;31
Lirio_Int;90:f6:52:af:b3:e4;WPA-PSK;2427;WPS;;24
Rose_wifi;00:1a:3f:e0:33:1f;WPA-PSK;2462;;;28
Veterinaria;5a:01:27:e9:ed:56;WPA-PSK;2452;;;35
hpsetup;e2:85:64:20:c9:d0;;2437;;;17
Centro de Radiologia;ce:f2:fd:d2:8e:dd;WPA-PSK;2462;WPS;;22
Thais_Int;a0:f3:c1:3b:3b:80;WPA-PSK;2432;WPS;;26
NADIR;5a:ea:0b:43:a8:18;WPA-PSK;2457;WPS;;26
Felipe_Int;f4:ec:38:b1:fa:ae;WPA-PSK;2427;WPS;;26
aquario;08:10:74:3e:be:62;WPA-PSK;2462;;;33
CONSULTORIO402;c0:4a:00:c3:f5:54;WPA-PSK;2437;WPS;;26
Guasso_ADM;d4:ca:6d:fa:52:ad;WPA-PSK;2462;;;44
Marcelo_Int;30:b5:c2:de:46:04;WPA-PSK;2417;WPS;;33
Malaquias_Int;78:44:76:20:fe:8f;WPA-PSK;2437;;;37
consultorio_501;54:e6:fc:eb:28:08;WPA-PSK;2462;;;28
Maronez;90:f6:52:a6:0d:a4;WPA-PSK;2462;WPS;;26
Dr.Rafael;f8:1a:67:6b:77:6c;WPA-PSK;2412;WPS;;40
Eli;b2:bc:4d:8a:71:d4;WPA-PSK;2412;WPS;;40
FRANCO;30:b5:c2:ce:64:9c;WPA-PSK;2462;WPS;;26
HCS_U400;54:e6:fc:a7:08:2c;WPA-PSK;2462;;;26
Vanessa;8c:10:d4:21:04:56;WPA-PSK;2412;WPS;;28
HP-Print-b4-LaserJet 400 color;9c:ad:97:2b:7d:b4;;2437;;;33
HERON;28:28:5d:99:7b:4c;WPA-PSK;2412;WPS;;33
gilsonguerin;f8:1a:67:f7:7f:b2;WPA-PSK;2437;WPS;;28
OURIQUE;c8:3a:35:21:e5:88;WPA-PSK;2427;;;20
CPD_HCS;00:18:e7:a0:34:42;WPA-PSK;2412;;;17
JULIA;f8:1a:67:c0:0f:b8;WPA-PSK;2462;WPS;;28
HCS_U300;54:e6:fc:a3:f8:de;WPA-PSK;2412;;;26
STRS;1c:af:f7:5f:91:d4;WPA-PSK;2427;;;26
ANDRESCORP;14:d6:4d:32:28:8e;WPA-PSK;2412;WPS;;44
VR;00:26:5a:63:0b:58;WPA-PSK;2437;;;40
TUIUTI;64:70:02:62:ad:0e;WPA-PSK;2437;WPS;;20
wireom10;00:02:6f:52:9f:8d;WEP;2452;;;28
GABRIEL;64:66:b3:2e:54:aa;WPA-PSK;2457;WPS;;35
Renato;c8:3a:35:5a:d4:50;WPA-PSK;2437;;;20
Olavo;00:21:91:73:ce:22;WPA-PSK;2412;;;28
Posto_27;c0:4a:00:ac:d6:4a;WPA-PSK;2447;WPS;;24
TOCO;00:25:86:c2:6b:fe;WPA-PSK;2422;WPS;;31
Perufo;30:b5:c2:0d:35:56;WPA-PSK;2437;WPS;;31
nao_sei;c8:3a:35:5a:2b:40;WPA-PSK;2462;;;24
Suzana;00:1a:3f:55:85:2a;WEP;2437;;;28
andre;c4:6e:1f:df:79:2e;WPA-PSK;2422;WPS;;42
OMAR;00:26:5a:ac:1b:7a;WEP;2412;WPS;;37
wireom7-p2h;00:02:6f:61:93:b1;WEP;2437;;;48
Mimo e bichos;e2:21:10:14:ba:01;WPA-PSK;2462;WPS;;28
wireom7-p1h;00:02:6f:4f:3d:18;WEP;2412;;;24
MarcioParaiba;c8:3a:35:0b:88:80;WPA-PSK;2437;;;33
Michele;1c:af:f7:5e:ad:9e;WEP;2437;;;22
Manu_int;58:10:8c:b9:e7:0e;WPA-PSK;2417;;;20
Suemiboff;00:23:cd:f9:91:b0;WEP;2437;;;31
Marcio_oi;8c:10:d4:21:01:a1;WPA-PSK;2412;WPS;;22
WIFI BONOTTO;1c:af:f7:61:6d:ec;WPA-PSK;2437;;;33
wireom7-p4h;00:02:6f:66:62:06;WEP;2422;;;24
Wir_Maiara;74:ea:3a:e5:c1:ca;WPA-PSK;2412;WPS;;31
Renokar;f8:1a:67:5d:e9:e6;WPA-PSK;2417;WPS;;24
Rhuander;00:27:19:e9:82:12;WPA-PSK;2437;;;22
Viviane;1c:af:f7:55:c2:ac;WPA-PSK;2437;;;33
M D MOTO PECAS;82:cc:b5:36:10:99;WPA-PSK;2462;WPS;;26
HP862A5E;02:2f:ff:f7:11:f2;;2457;;;28
Noedi;e8:de:27:d9:99:66;WPA-PSK;2427;WPS;;24
DAPIEVE;00:1a:3f:d3:bc:aa;WPA-PSK;2462;WPS;;20
Gordo_lava_car;00:1a:3f:bc:d9:90;WPA-PSK;2417;;;26
Lucieli;00:1a:3f:6f:40:f2;WPA-PSK;2462;;;20
doroti_int;00:26:5a:59:cf:6a;WEP;2437;;;17
Miguel_Int;64:66:b3:c1:c7:18;WPA-PSK;2432;WPS;;22
LUCIA_NET;f8:d1:11:ae:80:c6;WEP;2462;;;22
EstSaberTomasFortes;14:d6:4d:7e:df:b0;;2437;WPS;;22
NS2-DEL-L;4c:5e:0c:11:44:fe;WPA-PSK;2432;;;37
PC MARCON 2 PISO;c4:e9:84:b8:4d:04;WPA-PSK;2412;WPS;;26
Sonia;e2:ce:79:fb:21:b8;WPA-PSK;2412;WPS;;53
LAB_INF;64:66:b3:f7:e5:4e;WPA-PSK;2417;WPS;;17
# C.A.R.C #;74:ea:3a:b1:6d:f6;WPA-PSK;2462;WPS;;20
INT_ ;e8:b4:c8:21:c8:56;WPA-PSK;2462;;;33
AndroidAP;9c:65:b0:df:c3:ad;WPA-PSK;2437;;;28
Paulo;00:0e:f4:d6:f9:cc;WPA-PSK;2437;;;20
Thomas_int;00:24:01:98:5c:90;WPA-PSK;2447;;;24
Recursos Multifuncionais;10:fe:ed:6f:74:c8;WPA-PSK;2437;WPS;;20
Felipe;00:1a:3f:4d:51:86;WPA-PSK;2472;;;31
Aparicio;3c:e5:b4:09:e7:d8;WPA-PSK;2412;WPS;;24
Tiago_Int;30:b5:c2:ce:28:c6;WPA-PSK;2417;WPS;;20
SAFESOFT1678CB;b2:30:82:b0:b0:07;WEP;2412;;;33
DL140.4.0.0.18;00:1d:c9:d1:54:9b;;2437;;;22
espacodellas;e8:de:27:97:58:ec;WPA-PSK;2432;WPS;;20
Elisabe;c4:6e:1f:e4:d9:88;WPA-PSK;2427;WPS;;20
Lourdes;64:66:b3:ed:08:4a;;2412;WPS;;31
wF;00:25:86:e1:b2:b6;WPA-PSK;2427;;;22
wireom4-p1h;00:0c:42:69:05:43;WEP;2437;;;28
Carvalho;00:1a:ef:15:23:bc;WPA-PSK;2412;WPS;;20
wF_2;14:cc:20:9a:ba:0a;WPA-PSK;2442;WPS;;24
Crisane  e Clerison;5a:22:3c:63:3e:f7;WPA-PSK;2412;WPS;;22
D-Link_DIR-610;3c:1e:04:7d:d2:9e;WPA-PSK;2432;;;22
N1;00:27:22:1a:1d:0c;WPA-PSK;2412;;;33
DL83.4.0.0.18;00:1d:c9:d0:98:9d;;2422;;;15
Adriana;54:e6:fc:e8:ce:94;WPA-PSK;2412;;;20
Luciana;b2:c0:29:5b:de:92;WPA-PSK;2412;WPS;;20
Jane;c8:3a:35:5a:8a:f8;WPA-PSK;2437;;;20
Milene;c4:e9:84:b8:89:50;WPA-PSK;2412;WPS;;26
B;b8:55:10:29:68:7c;WPA-PSK;2437;;;31
HP-Print-3C-Deskjet 2540 series;c4:34:6b:29:fc:3c;WPA-PSK;2437;;;24
Ivone;00:1a:3f:28:db:a9;WPA-PSK;2462;;;26
Jian Nunes;3c:e5:b4:00:23:00;WPA-PSK;2412;;;31
wireom6-p4h;00:0c:42:69:0d:b0;WEP;2427;;;28
Marana_int;c8:3a:35:24:f8:a0;WPA-PSK;2437;;;24
FIALHO;90:f6:52:b8:22:2c;WPA-PSK;2412;WPS;;17
wireom17-p1h;00:0c:42:6a:3e:91;WEP;2457;;;22
MinhaNet;c8:3a:35:24:fd:b8;WPA-PSK;2437;;;20
Luciane_int;c4:e9:84:b8:55:6c;WPA-PSK;2417;WPS;;20
wireom6-p3;00:0c:42:68:53:99;WEP;2457;;;24
NS2-DEL-B;4c:5e:0c:11:45:04;WPA-PSK;2462;;;35
NetMais04;00:27:22:1e:7c:38;WPA-PSK;2432;;;17
Karen;14:cc:20:66:3b:d8;WPA-PSK;2462;WPS;;22
SAPPS_duduronchicostenar-ic5;c6:3a:be:d3:35:69;;2437;WPS;;22
Flor do Leste;58:48:22:62:3a:90;WPA-PSK;2412;WPS;;24
RHADMINISTRATIVO;58:10:8c:b6:40:5e;WPA-PSK;2462;;;26
wireom5-p4h;00:0c:42:69:03:7a;WEP;2472;;;26
Josias_Int;c8:3a:35:2c:4f:10;WPA-PSK;2437;;;48
Rede_richer;c8:3a:35:13:77:e8;WPA-PSK;2462;;;48
Rede-Ana;00:1a:3f:ae:f4:79;WPA-PSK;2462;WPS;;17
NS2-GD;d4:ca:6d:c0:11:37;WPA-PSK;2484;;;33
Canabarro;c4:e9:84:41:c5:58;WPA-PSK;2437;WPS;;31
RICCO;00:e0:4c:f8:08:e0;WEP;2412;;;28
NS2-SJ-R;68:72:51:0c:de:40;WPA-PSK;2422;;;28
wireom5-p3;00:0b:6b:80:cd:a5;WEP;2457;;;28
Candida;c8:3a:35:49:68:e8;WPA-PSK;2412;;;26
Cadia_Int;30:b5:c2:d4:fa:cc;WPA-PSK;2422;WPS;;26
Edilberto Aguirre;e8:de:27:cc:66:36;WPA-PSK;2462;WPS;;20
Direcao;94:0c:6d:f1:82:5a;WPA-PSK;2412;;;26
Oficina;30:b5:c2:ce:28:68;WPA-PSK;2422;WPS;;24
ArianeCL_INT;10:fe:ed:0f:3a:86;WPA-PSK;2432;WPS;;17
Melo Pneus;c4:6e:1f:2a:06:d0;WPA-PSK;2462;WPS;;31
Renan;30:b5:c2:21:97:98;WPA-PSK;2442;WPS;;22
Mila;00:1a:3f:ae:cf:14;WPA-PSK;2412;WPS;;22

Laila_Int;c4:6e:1f:6d:76:0a;WPA-PSK;2427;WPS;;17
Camila_Int;c8:3a:35:1a:46:28;WPA-PSK;2432;;;22
Roselaine_Int;c4:6e:1f:f3:9c:e8;WPA-PSK;2427;WPS;;26
Alisson;30:b5:c2:bc:b5:e0;WPA-PSK;2437;WPS;;24
Marilia_Int;c4:e9:84:bd:55:52;WPA-PSK;2452;WPS;;20
Sandra_Int;c4:e9:84:b8:56:94;WPA-PSK;2457;WPS;;26
Cleuza;c4:e9:84:41:c5:5e;WPA-PSK;2462;WPS;;24
Laura;58:10:8c:b9:e8:84;WPA-PSK;2462;;;22
HP-Print-48-Deskjet 3510 series;74:46:a0:fa:0b:48;;2412;;;26
Eron_WiFi;14:cc:20:fa:6f:aa;WPA-PSK;2437;;;24
Cleusa_int;64:70:02:82:a1:64;WPA-PSK;2427;WPS;;24
Carlos_Int;c4:e9:84:c5:cd:00;WPA-PSK;2452;WPS;;22
Lisandro;c4:e9:84:c5:9c:48;WPA-PSK;2452;WPS;;20
Geovane_Int;64:66:b3:ec:ff:88;WPA-PSK;2427;WPS;;20
Chagas;10:fe:ed:3d:7a:42;WPA-PSK;2437;WPS;;26
Nadia_Int;30:b5:c2:d5:1d:74;WPA-PSK;2422;WPS;;26
sanwiren;00:0c:42:68:30:c6;;2442;;;28
MARIN;64:66:b3:a5:d3:0a;WPA-PSK;2457;WPS;;22
Massuquetto;64:66:b3:52:28:20;WPA-PSK;2437;WPS;;22
Ana;e8:de:27:c1:ae:c0;WPA-PSK;2412;WPS;;22
NetIvo;c8:3a:35:13:fe:68;WPA-PSK;2437;;;33
Pablo_Int;6c:72:20:72:79:8e;WPA-PSK;2452;WPS;;26
airlive;00:4f:62:28:24:1b;WPA-PSK;2462;;;46
Cisco;00:23:69:9f:38:40;WPA-PSK;2412;WPS;;42
ML_Net;00:1b:11:3b:0c:93;WPA-PSK;2437;WPS;;31
NS2-SJ-C;68:72:51:0c:e9:e1;WPA-PSK;2417;;;40
PAULO_WIFI;c4:6e:1f:36:89:30;WPA-PSK;2462;;;20
Osmar;64:66:b3:dc:bd:e4;WPA-PSK;2437;WPS;;15
TP-LINK_A8B89C;c4:6e:1f:a8:b8:9c;WPA-PSK;2427;WPS;;22
rede_paulo;00:25:86:b0:21:76;WPA-PSK;2437;;;24
TransFabiano;c4:6e:1f:e6:24:66;WPA-PSK;2462;WPS;;28
Jose_henrique;e4:6f:13:10:34:6d;WPA-PSK;2412;;;26
HP79CE84;02:23:f3:52:77:50;;2457;;;17
Multimidia;c4:e9:84:d4:e0:f2;WPA-PSK;2427;WPS;;24
Oi WiFi Fon;b0:c2:87:a8:da:8a;;2462;;;33
SEFRIN;d0:84:b0:a5:43:2a;WPA-PSK;2412;WPS;;22
Oi WiFi Fon;62:84:b0:a5:43:2b;;2412;;;20
leo;f6:dc:f9:76:09:9a;WPA-PSK;2412;WPS;;28
BelaSul;00:1a:3f:9c:ce:00;WPA-PSK;2462;WPS;;22
VIVO Wi-Fi;6c:8b:2f:4b:2e:fb;WPA-PSK;2457;;;22
EZCastan-33C2F950;0a:d8:33:c2:f9:50;WPA-PSK;2462;;;48
Daiane_Int;58:10:8c:ac:ac:b0;WPA-PSK;2432;;;28
Megan;e8:de:27:b6:ae:c7;WPA-PSK;2417;WPS;;20
Martini;10:fe:ed:0f:5e:a8;WPA-PSK;2437;WPS;;24
Oi WiFi Fon;e0:88:5d:fa:b8:fc;;2457;;;28
The_Webs;d0:84:b0:a5:3e:0d;WPA-PSK;2462;WPS;;24
Oi WiFi Fon;6a:84:b0:a5:3e:0e;;2462;;;17
Oi WiFi Fon;b0:c2:87:a8:cd:96;;2412;;;22
Santos;00:1a:3f:dc:bc:b8;WPA-PSK;2462;WPS;;26
Oi WiFi Fon;cc:03:fa:2c:eb:4d;;2452;;;31
Oi WiFi Fon;b0:c2:87:a8:a8:3c;;2412;;;42
Guilherme;00:1b:11:f5:65:2c;WPA-PSK;2462;;;26
ASarquitetura;e8:de:27:98:c7:a8;WPA-PSK;2452;WPS;;35
Oi WiFi Fon;fc:52:8d:b6:81:ea;;2432;;;42
Marisa_Int;e8:de:27:81:3c:c2;WPA-PSK;2427;WPS;;26
wir_mara;64:66:b3:65:71:36;WPA-PSK;2462;WPS;;26
Oi WiFi Fon;62:10:d4:c5:67:c4;;2412;;;44
Pointer;8c:10:d4:c5:67:c7;WPA-PSK;2412;;;42
Lucio;c4:e9:84:bd:92:66;WPA-PSK;2437;WPS;;28
Maquina;c4:6e:1f:43:b2:0a;WPA-PSK;2437;WPS;;24
wireom11-p1h;dc:9f:db:00:42:50;WEP;2427;;;31
Oi WiFi Fon;cc:03:fa:2f:1e:9f;;2462;;;26
Joao_Int;1c:7e:e5:c3:95:fe;WPA-PSK;2432;;;33
LGR;82:4c:b0:50:21:cc;WPA-PSK;2462;WPS;;26
Oi WiFi Fon;08:95:2a:ae:a3:56;;2462;;;33
Oi WiFi Fon;80:29:94:2e:7a:30;;2462;;;31
Oi WiFi Fon;5a:91:f9:a2:07:d9;;2462;;;44
Oi WiFi Fon;e0:88:5d:02:b2:19;;2432;;;28
Oi WiFi Fon;e0:88:5d:fa:b9:40;;2462;;;24
Hotel_Viero_Int_2;e8:de:27:b9:60:14;WPA-PSK;2432;WPS;;24
Hotel_Viero_Int_1;e8:de:27:b9:a5:c8;WPA-PSK;2432;WPS;;40
Oi WiFi Fon;52:91:f9:a2:06:c6;;2462;;;31
PIRAMIDE;c8:91:f9:a2:06:c5;WPA-PSK;2462;WPS;;31
andrade;5a:f2:2e:1e:09:ad;WPA-PSK;2412;WPS;;28
HPD110a.765A7B;02:2f:4f:fe:90:fd;;2437;;;26
Carla;f4:ec:38:f4:e8:52;WPA-PSK;2427;;;31
HP7AD321;02:24:44:4e:8c:49;;2457;;;20
Mauro_Brilhare 2;e8:de:27:b9:ae:96;WPA-PSK;2437;WPS;;24
daslea;e8:de:27:63:8c:f4;WPA-PSK;2462;WPS;;28
Mauro_Brilhare 3;e8:94:f6:f6:42:be;WPA-PSK;2437;WPS;;22
SANDRA;00:1a:3f:bc:db:ea;WPA-PSK;2462;;;26
Terexddxx;40:b0:fa:a7:6d:1e;WPA-PSK;2437;;;26
Oi WiFi Fon;cc:03:fa:2d:7c:51;;2462;;;31
SSPMS;f4:ec:38:f4:de:1e;WPA-PSK;2462;;;24
@bq@;8c:10:d4:c4:e3:17;WPA-PSK;2462;WPS;;35
MADA;30:b5:c2:a0:e8:2c;WPA-PSK;2462;WPS;;28
rodrigues.luiz;ce:1e:9d:f8:e1:71;WPA-PSK;2462;WPS;;24
CRISTIELE;c8:3a:35:56:ca:20;WPA-PSK;2437;;;22
colorado;74:ea:3a:cf:60:26;WEP;2432;;;22
HP-Print-DF-Officejet Pro 8610;a0:2b:b8:71:3f:df;WPA-PSK;2437;;;22
SantiagoST;00:1e:58:17:e3:44;WEP;2437;;;24
erica_Int;90:f6:52:d9:0e:18;WPA-PSK;2427;WPS;;31
@bq@;c4:e9:84:5c:2b:f8;WPA-PSK;2412;WPS;;26
CONEX;00:0c:42:3a:fc:47;;2427;;;31
MADA;fe:d7:04:1e:fa:df;WPA-PSK;2412;WPS;;31
ValterM_INT;3c:1e:04:77:ec:f6;WPA-PSK;2432;WPS;;26
padaria;00:0a:eb:55:8f:33;WEP;2437;;;33
Oi WiFi Fon;fc:52:8d:b5:62:b4;;2412;;;28
Igor;8c:10:d4:c5:67:6f;WPA-PSK;2412;;;37
Oi WiFi Fon;62:10:d4:c5:67:6c;;2412;;;42
Simone;00:1a:3f:97:ba:22;WPA-PSK;2462;WPS;;24
NETLINK02;14:cc:20:9b:3b:f0;WEP;2412;WPS;;60
Rede-Casa;00:1a:3f:82:47:d2;WEP;2447;;;24
lula2018;c4:e9:84:b9:ff:90;WPA-PSK;2452;WPS;;28
InDH;00:1b:11:92:1b:96;WPA-PSK;2437;;;37
ANTONIO1;d0:84:b0:a2:5b:a2;WPA-PSK;2412;WPS;;35
Oi WiFi Fon;5a:84:b0:a2:5b:a3;;2412;;;46
Minha_Net;00:1a:3f:91:7e:3e;WPA-PSK;2462;;;33
FATIMA;c4:e9:84:d4:c5:06;WPA-PSK;2442;WPS;;60
Jairo_wifi;00:1a:3f:9f:8c:66;WPA-PSK;2422;WPS;;40
vidracaria classic;fe:37:80:f4:c3:8b;WPA-PSK;2412;WPS;;28
Oi WiFi Fon;fc:52:8d:00:1b:b1;;2412;;;22
Intelbras_Int;00:1a:3f:80:8f:ea;WPA-PSK;2442;;;35
NetSul_elaine;00:0e:e8:dd:fa:e7;WPA-PSK;2412;;;35
Geneza;00:1a:3f:d1:7d:81;WPA-PSK;2412;;;37
Oi WiFi Fon;00:18:e7:a0:60:91;;2412;;;28
MERCADO DO CAMELO;00:18:e7:a0:60:90;WPA-PSK;2412;;;60
Camelo;c4:e9:84:d4:5e:30;WPA-PSK;2417;WPS;;28
wireom1p1;00:0c:42:6d:28:53;WEP;2462;;;40
Marcelo-d5;c4:e9:84:56:96:05;WPA-PSK;2452;WPS;;22
Carlinhos_Int;90:f6:52:af:b7:40;WPA-PSK;2427;WPS;;37
Greatek;78:44:76:72:5e:54;WPA-PSK;2417;WPS;;51
CATTELAN;c0:4a:00:36:d8:98;WPA-PSK;2417;WPS;;37
MARIA;c4:e9:84:af:08:24;WPA-PSK;2427;WPS;;40
CMANENTI;e8:de:27:ac:11:b0;WPA-PSK;2412;WPS;;24
CONEXll;00:0c:42:3a:fe:24;;2462;;;22
P&G;d8:5d:4c:a0:44:c6;WPA-PSK;2427;WPS;;35
Cabanhaitao_int;c4:e9:84:b8:8a:22;WPA-PSK;2417;WPS;;24
Luciana_Int;00:1a:3f:bc:5c:2a;WPA-PSK;2417;;;26
cabanha itao;30:b5:c2:3f:00:0f;WPA-PSK;2462;WPS;;15
LEILA PRADO;e8:de:27:3d:dd:e3;WPA-PSK;2412;WPS;;26
wireom7-p3h;00:02:6f:4f:3d:12;WEP;2452;;;33
Antonio Ramalho;08:10:74:3f:6c:df;WPA-PSK;2462;;;17
Diva2_Int;00:4f:62:2e:75:15;WEP;2437;;;33
Diva_Int;00:4f:62:2e:75:14;WEP;2412;WPS;;28
GUGANET;5e:85:de:50:49:8f;WPA-PSK;2462;;;22
Rosani;30:b5:c2:cc:25:6e;WPA-PSK;2412;WPS;;37
ROBERTA;00:23:cd:cc:d9:d6;WPA-PSK;2437;;;24
ELCANA;82:2b:d2:8d:0e:12;WPA-PSK;2432;WPS;;33
Oi WiFi Fon;80:29:94:2b:b9:54;;2432;;;35
CONSELET;ac:e8:7b:f5:ae:ac;WPA-PSK;2462;;;26
GEOVANE;00:18:e7:a0:06:e2;WPA-PSK;2412;;;31
Fatima;10:fe:ed:3d:88:ac;WPA-PSK;2412;WPS;;31
HP456569;02:21:21:9e:6b:99;;2457;;;20
HP-Print-D4-Officejet Pro 8600;b4:b5:2f:15:92:d4;WPA-PSK;2437;;;33
Estela_Int;64:66:b3:ed:00:08;WPA-PSK;2447;WPS;;24
Silvana;c4:e9:84:a8:b5:04;WPA-PSK;2442;WPS;;35
vandri;e2:48:d5:d1:f6:99;WPA-PSK;2412;WPS;;26
Oi WiFi Fon;e0:88:5d:fa:c6:96;;2412;;;37
Welinton;c4:e9:84:bf:2a:02;WPA-PSK;2437;WPS;;37
Leandro;b2:88:bd:17:83:ec;WPA-PSK;2432;WPS;;26
Pedro Henrique;82:07:b3:f7:dc:1a;WPA-PSK;2412;WPS;;40
Gildo;5a:3e:f2:78:69:e0;WPA-PSK;2412;WPS;;46
Oi WiFi Fon;58:23:8c:4f:4a:cf;;2412;;;44
silvana;c4:e9:84:a7:83:14;WPA-PSK;2437;WPS;;51
Paulo;04:8d:38:89:7d:b0;WPA-PSK;2417;WPS;;28
Batcaverna_Int;00:1a:3f:dc:37:38;WPA-PSK;2422;WPS;;40
Fabi;74:ea:3a:ac:14:38;WPA-PSK;2412;WPS;;28
Marga;00:02:72:76:30:e3;WPA-PSK;2462;;;24
Nany;c8:3a:35:32:a2:30;WPA-PSK;2437;;;28
ROSE;c4:e9:84:a8:da:c4;WPA-PSK;2442;WPS;;64
Oi WiFi Fon;5a:91:f9:a1:e8:f0;;2462;;;26
routint;00:1a:3f:73:95:2f;WPA-PSK;2442;;;46
TP-LINK_9C8702;f8:1a:67:9c:87:02;WPA-PSK;2442;WPS;;55
Lucas ;c8:91:f9:a1:e8:f3;WPA-PSK;2462;WPS;;51
Luis e Jessica;b0:c5:54:b3:c5:54;WPA-PSK;2412;;;22
Livian_Int;d8:5d:4c:f3:0c:dc;WPA-PSK;2422;WPS;;40
maximus;64:66:b3:5b:f5:92;WPA-PSK;2437;WPS;;35
Multilaser_4AF498;c8:3a:35:4a:f4:98;WPA-PSK;2462;;;26
Silvestre_Int;00:1a:3f:6a:d2:f0;WPA-PSK;2472;;;26
FISIOFAZ - WiFi;f4:ec:38:ba:69:de;WPA-PSK;2437;WPS;;44
Diego;00:1a:3f:28:98:41;WPA-PSK;2462;;;22
PAULO;e8:94:f6:4d:e1:8d;WPA-PSK;2412;WPS;;28
QUERNAVEGARCOMPRAUMBARCO;00:1a:3f:9f:dd:30;WPA-PSK;2462;WPS;;31
Oi WiFi Fon;b0:c2:87:a8:da:24;;2427;;;24
Grafisul;b2:78:f7:01:ab:7f;WPA-PSK;2427;WPS;;24
carlos_EXT;30:b5:c2:b8:10:53;WPA-PSK;2422;WPS;;26
EUNICE;d0:84:b0:95:a9:90;WPA-PSK;2462;WPS;;26
Oi WiFi Fon;5a:84:b0:95:a9:91;;2462;;;28
Raquel;82:bd:2c:6d:a7:ca;WPA-PSK;2412;WPS;;26
carlos;5a:79:cf:16:f2:75;WPA-PSK;2422;WPS;;22
Grafisul_EXT;f4:f2:6d:5d:35:40;WPA-PSK;2427;;;33
Oi WiFi Fon;58:23:8c:dc:28:16;;2422;;;26
Binho;60:e3:27:e0:2e:b5;WPA-PSK;2462;WPS;;28
Catarina;54:e6:fc:a6:7f:c4;WPA-PSK;2412;WPS;;40
Mayara;c4:e9:84:49:5a:da;WPA-PSK;2437;WPS;;24
Catarina;14:cc:20:84:25:05;WPA-PSK;2412;WPS;;26
rednalac.exe;58:10:8c:bd:4f:3a;WPA-PSK;2462;;;26
Roger Gorski Cado;a0:f3:c1:4f:95:f6;WPA-PSK;2437;WPS;;26
Mcaffevirus_wifi;00:1a:3f:23:75:3c;WPA-PSK;2462;WPS;;20
BOTO;82:fd:12:58:94:03;WPA-PSK;2417;WPS;;24
Binho;e8:de:27:81:0f:d4;WPA-PSK;2462;WPS;;40
Oi WiFi Fon;80:29:94:2d:6d:80;;2417;;;33
Oi WiFi Fon;b0:c2:87:a8:ca:ea;;2412;;;28
Oi_Velox_WiFi_CAE9;b2:ed:88:39:ae:73;WPA-PSK;2412;WPS;;31
CGM;00:11:6b:43:b5:d8;WPA-PSK;2412;;;28
Arlindo_Int;c4:6e:1f:80:51:d8;WPA-PSK;2437;WPS;;28
VERA;00:1a:3f:a5:36:9a;WPA-PSK;2437;WPS;;35
Taiane;a0:f3:c1:b3:f1:a4;WPA-PSK;2412;WPS;;20
Amarante;c8:3a:35:15:15:d0;WPA-PSK;2432;;;28
NS2-ZAM;d4:ca:6d:bf:67:89;WPA-PSK;2447;;;33
TPLINK-262;14:cc:20:82:2a:e2;WPA-PSK;2412;WPS;;22
Oi WiFi Fon;b0:c2:87:a8:88:b8;;2412;;;20
Emerson_Int;c8:be:19:b8:c0:2a;WPA-PSK;2462;WPS;;22
Caroline_Int;30:b5:c2:61:94:aa;WPA-PSK;2412;WPS;;33
Girelli;14:cc:20:82:59:7c;WPA-PSK;2412;WPS;;42
CASSIO;c4:e9:84:ae:f8:02;WPA-PSK;2457;WPS;;35
Michele S. Borges;b2:e8:f4:87:7e:24;WPA-PSK;2412;WPS;;33
Leandro_Int;64:66:b3:c1:be:3e;WPA-PSK;2427;WPS;;24
dlink;1c:af:f7:55:8f:10;;2437;;;22
Andreia;00:1a:3f:d3:be:86;WPA-PSK;2412;WPS;;22
Leandro_INT;30:b5:c2:de:47:4e;WPA-PSK;2422;WPS;;20
Casa;00:1a:ef:3a:97:e2;WPA-PSK;2462;WPS;;37
AP-Julio;c4:e9:84:a6:e3:5e;WPA-PSK;2432;WPS;;37
Leri;00:18:e7:9a:b4:0a;WPA-PSK;2457;;;26
Oi WiFi Fon;e0:88:5d:01:a0:c3;;2412;;;42
GIJO;e2:01:4b:dd:76:da;WPA-PSK;2412;WPS;;55
Oi WiFi Fon;00:18:e7:9a:b4:0b;;2457;;;33
Soraia_int;00:1a:3f:a0:de:42;WPA-PSK;2417;;;40
Leri;e8:ab:fa:10:73:8e;WPA-PSK;2457;WPS;;20
INTELBRAS;00:1a:3f:91:7e:0a;WPA-PSK;2462;;;24
Escritorio_nicola;c4:e9:84:bd:88:fe;WPA-PSK;2442;WPS;;31
vanessaoi;d0:84:b0:a2:92:76;WPA-PSK;2412;WPS;;24
Eduarda;1c:af:f7:5c:d3:f8;WPA-PSK;2432;;;22
Casa_Nicola;e8:94:f6:d8:7c:8c;WPA-PSK;2442;;;22
DudaNic;14:cc:20:3a:d0:e2;WPA-PSK;2412;WPS;;33
Greatek;78:44:76:69:e2:24;WPA-PSK;2462;;;40
ITA;90:f6:52:a6:25:f0;WPA-PSK;2437;WPS;;26
gabriel;20:aa:4b:25:4d:f3;WPA-PSK;2437;WPS;;46
gabriel-convidado;20:aa:4b:25:4d:f5;;2437;;;46
Augusto;f4:ec:38:d2:56:ac;WPA-PSK;2412;WPS;;24
Oi WiFi Fon;b0:c2:87:a8:dc:f8;;2412;;;26
VANTI;e8:de:27:66:30:60;WPA-PSK;2457;WPS;;46
Thalita;c4:e9:84:42:01:cc;WPA-PSK;2437;WPS;;35
Cristiano;c4:e9:84:b8:89:48;WPA-PSK;2417;WPS;;33
MARENCO;64:66:b3:63:23:86;WPA-PSK;2412;WPS;;46
Carlos_Brum;30:b5:c2:bc:65:e0;WPA-PSK;2412;WPS;;26
TP-LINK_3EFDA4;30:b5:c2:3e:fd:a4;WPA-PSK;2462;WPS;;26
Joao batista;e2:a7:6b:6b:21:51;WPA-PSK;2457;WPS;;26
Oi WiFi Fon;e0:88:5d:fb:0f:6c;;2457;;;26
Magyork;00:1a:3f:b7:f2:b2;WPA-PSK;2437;;;26
deomar_int;d8:5d:4c:e2:eb:36;WPA-PSK;2412;WPS;;33
Giov_Wir;00:1c:f0:a8:2d:e0;WEP;2432;;;22
HP-Print-FA-LaserJet 1102;34:68:95:dd:46:fa;;2437;;;26
wir_thones;c8:3a:35:31:10:d0;WPA-PSK;2457;;;26
Castilho;b2:e5:10:87:7a:34;WPA-PSK;2447;WPS;;33
TP-LINK;f0:7d:68:dd:bf:f4;WEP;2437;;;24
Castilho01;30:b5:c2:0c:78:dc;WEP;2447;WPS;;31
Oi WiFi Fon;b0:c2:87:a8:da:be;;2447;;;53
Bruna Salbego;b0:c5:54:b3:ca:c0;WPA-PSK;2412;;;62
MiguelPubli;f8:1a:67:c2:b5:ee;WPA-PSK;2437;WPS;;33
Dona Caira;ec:22:80:a2:2a:e6;WPA-PSK;2412;;;33
Cesar_Int;c8:3a:35:2d:df:78;WPA-PSK;2437;;;28
pedropacheco;f4:ec:38:a4:29:82;WPA-PSK;2452;WPS;;22
V for Vendetta;64:66:b3:af:83:5e;WPA-PSK;2437;WPS;;28
REDE_WILLIG;00:1a:3f:2e:90:ec;WPA-PSK;2412;;;33
REDE_WILLIG;90:f6:52:d8:4c:52;WPA-PSK;2412;WPS;;24
Paulo;00:0e:f4:d6:f8:99;WPA-PSK;2437;;;22
Danielen;8c:10:d4:20:d6:a9;WPA-PSK;2462;WPS;;20
Amanda_Int03;c4:e9:84:c5:cf:ec;WPA-PSK;2452;WPS;;24
Viero2_Int;c4:e9:84:c5:ce:b8;WPA-PSK;2427;WPS;;48
Eloi;84:c9:b2:e1:56:92;WPA-PSK;2412;WPS;;33
valdir;90:8d:78:61:57:f0;WPA-PSK;2452;WPS;;48
Amanda_Int;64:66:b3:c1:c2:e2;WPA-PSK;2417;WPS;;28
Naura;00:1a:3f:28:b2:a9;WPA-PSK;2417;;;26
Oi WiFi Fon;62:e9:dd:a8:fb:6d;;2412;;;28
Daniel's;64:66:b3:ed:07:6c;WPA-PSK;2412;WPS;;22
LUIZ;44:e9:dd:a8:fb:6c;WPA-PSK;2412;WPS;;26
Marcieli;00:1a:3f:b8:01:5e;WPA-PSK;2417;;;26
Oi WiFi Fon;e0:88:5d:02:d1:53;;2462;;;24
Erik_Int;f8:1a:67:8a:69:4a;WPA-PSK;2427;WPS;;28
Clinica_Delas;64:70:02:6c:fb:fc;WPA-PSK;2422;WPS;;31
Miliko;14:cc:20:f2:fe:66;WPA-PSK;2412;WPS;;40
PINHEIRO;f4:ec:38:b1:93:0a;WPA-PSK;2432;WPS;;26
Santiago 01;00:25:86:ca:45:74;WPA-PSK;2462;;;33
VERA;e8:de:27:ab:2c:a6;WPA-PSK;2412;WPS;;22
COMPORTADO;54:e6:fc:da:30:74;WPA-PSK;2437;WPS;;62
Nicola3_Int;90:f6:52:c2:e1:ce;WPA-PSK;2437;WPS;;33
default;00:19:5b:46:50:a3;WPA-PSK;2437;;;42
JairoCezar;00:1a:3f:26:bd:4b;WPA-PSK;2417;;;26
CAIS;c8:3a:35:07:f3:58;WPA-PSK;2462;;;26
Oi WiFi Fon;58:23:8c:98:9a:31;;2412;;;26
CAIS;80:3f:5d:93:da:27;WPA-PSK;2462;;;40
Cube;e8:94:f6:95:fc:c8;WPA-PSK;2437;WPS;;44
DIRECT-9p[HTS];32:14:4a:79:8c:27;WPA-PSK;2462;WPS;;28
CIRINO;94:0c:6d:a9:fe:0e;WEP;2462;;;28
Nicola_int;e8:de:27:80:af:d0;WPA-PSK;2427;WPS;;31
clinica_Int;c4:6e:1f:3c:6e:aa;WPA-PSK;2432;WPS;;26
Oi WiFi Fon;80:29:94:2d:39:cc;;2457;;;22
Tanararpozo;5a:49:25:75:b3:8e;WPA-PSK;2412;WPS;;26
AGT-WIRELESS02;a0:f3:c1:c1:ff:0a;WPA-PSK;2462;;;33
WIR_CLINICA;00:1d:1a:09:ad:96;WPA-PSK;2427;WPS;;24
CubeArquitetura;82:e7:7d:fc:34:0e;WPA-PSK;2457;WPS;;55
LISIANE_INT;c4:6e:1f:e5:59:6e;WPA-PSK;2432;WPS;;20
ATALIBA;00:1a:3f:50:4b:bc;WPA-PSK;2462;;;28
AGT-WIRELESS03;f4:ec:38:ce:06:b2;WEP;2442;WPS;;28
Oi WiFi Fon;72:91:f9:d9:a2:5c;;2452;;;28
TI_FELICE;c8:91:f9:d9:a2:5f;WPA-PSK;2452;WPS;;26
AGT-WIRELESS01;14:cc:20:7b:c4:86;WPA-PSK;2452;WPS;;40
Mario_Int;d8:5d:4c:f2:e9:4e;WPA-PSK;2442;WPS;;44
Wi-Fi;80:3f:5d:95:75:a7;WPA-PSK;2422;;;24
Ronaldo;c8:3a:35:09:47:e8;WPA-PSK;2412;;;22
BediNetCasa;74:ea:3a:b1:e2:c0;WPA-PSK;2412;WPS;;40
Panda;00:1c:f0:3d:8b:20;WEP;2437;;;26
TAMIOSSO;f8:d1:11:3e:5f:36;WPA-PSK;2412;;;24
maninho mantovani;00:1a:3f:68:cb:98;WPA-PSK;2462;;;26
TAMIOSSO;c4:e9:84:9e:75:b1;WPA-PSK;2412;WPS;;28
HPJ610a.C380BD;02:28:98:27:f9:26;;2437;;;26
Enzo;c4:e9:84:d0:fd:c4;WPA-PSK;2462;WPS;;28
Joao Rios;e8:94:f6:d8:0f:70;;2437;WPS;;44
Munir_Int;64:66:b3:c1:be:20;WPA-PSK;2432;WPS;;31
Girasol_Int;f0:7d:68:e5:a4:86;WPA-PSK;2437;;;37
C3Tech;00:1a:ef:3d:29:38;WPA-PSK;2412;WPS;;40
Marlon;c4:6e:1f:f4:00:c6;WPA-PSK;2437;WPS;;68
BediNet_Loja;00:4f:62:03:5d:f6;;2422;;;40
Expresso2;c4:e9:84:bd:92:5e;WPA-PSK;2422;WPS;;35
Catharina;c4:6e:1f:df:a7:ac;WPA-PSK;2452;WPS;;31
Lucimara;c8:3a:35:09:55:58;WPA-PSK;2457;;;46
Marcos;00:1a:3f:28:b2:e9;WPA-PSK;2417;;;28
Gabriel;c4:e9:84:41:c5:f8;WPA-PSK;2412;WPS;;20
Max-int;00:1a:3f:56:df:44;WPA-PSK;2422;;;35
Fernando;c4:6e:1f:72:be:44;WPA-PSK;2417;WPS;;24
Mima;e8:de:27:cf:0e:50;WPA-PSK;2412;WPS;;48
Lucio;00:1a:3f:94:c9:2c;WPA-PSK;2462;;;33
JULIANO;14:cc:20:da:25:87;WPA-PSK;2462;WPS;;31
Ruderson1;90:f6:52:66:77:78;WPA-PSK;2412;WPS;;26
Neiva_Int;8c:04:ff:bc:e1:a3;WPA-PSK;2412;;;37
SAGRILLO;c4:6e:1f:b5:bc:42;WEP;2462;WPS;;22
Jacimara;1c:bd:b9:ca:1e:27;WPA-PSK;2437;;;26
gremio;3c:1e:04:77:2e:94;WPA-PSK;2412;WPS;;40
Ledir;00:1a:3f:b8:01:2e;WPA-PSK;2412;;;28
Ruderson1;10:fe:ed:8e:53:90;WPA-PSK;2412;WPS;;40
Lizandro;00:1a:3f:c7:72:b4;WPA-PSK;2422;;;37
Bochi-wifi;30:b5:c2:cc:24:c6;WPA-PSK;2437;WPS;;37
Guilherme;30:b5:c2:23:b3:4a;WPA-PSK;2412;WPS;;15
DIRECT-GTC460 Series;32:cd:a7:cb:b7:63;WPA-PSK;2457;WPS;;37
Oi WiFi Fon;fc:52:8d:b6:82:4a;;2457;;;44
Jose_Nunes;30:b5:c2:24:22:34;WPA-PSK;2412;WPS;;37
Maneck;14:cc:20:b7:7a:fa;WPA-PSK;2417;WPS;;40
Marion_Palmeiro;c4:e9:84:55:fb:06;WPA-PSK;2412;WPS;;26
Karine Maronez ;30:b5:c2:d5:46:16;WPA-PSK;2432;WPS;;44
ligia;b2:45:08:4d:69:37;WPA-PSK;2452;WPS;;31
arlindo;fe:a1:c0:23:7e:cf;WPA-PSK;2457;WPS;;26
kubica_EXT;e8:de:27:3d:99:81;WPA-PSK;2437;WPS;;33
Rodrigo_Int;1c:bd:b9:f9:04:5b;WPA-PSK;2437;;;28
MATHEUS;00:0e:f4:e7:af:00;WPA-PSK;2462;;;26
Oi WiFi Fon;72:64:d9:ae:ca:5d;;2462;;;40
Varcari;54:e6:fc:d3:f9:b1;WPA-PSK;2417;WPS;;44
bernardo;54:64:d9:ae:ca:5c;WPA-PSK;2462;;;33
vandag;8c:10:d4:c4:e6:03;WPA-PSK;2437;;;44
josemar;64:66:b3:65:91:e0;WPA-PSK;2417;WPS;;26
Oi WiFi Fon;62:10:d4:c4:e6:00;;2437;;;35
kubica;e8:de:27:63:8d:48;WPA-PSK;2437;WPS;;42
Oi WiFi Fon;b0:c2:87:a8:cb:24;;2452;;;35
Brum;f0:7d:68:e3:06:2c;WPA-PSK;2437;;;42
Padaria;00:0e:f4:e3:d8:5a;WPA-PSK;2437;;;53
Elis;00:1a:3f:7d:c8:18;WPA-PSK;2452;;;22
Ozzy;c4:6e:1f:6d:93:b0;WPA-PSK;2417;WPS;;24
BR Center 1;e8:94:f6:bd:49:ec;WPA-PSK;2412;WPS;;53
Apto_204;78:54:2e:a7:d7:18;WPA-PSK;2462;WPS;;20
SIGMA_BediNet;00:1d:2b:fe:46:c1;WPA-PSK;2412;WPS;;28
Oi WiFi Fon;58:23:8c:dc:27:3e;;2412;;;31
Graciele_Int;90:f6:52:c2:e9:86;WPA-PSK;2422;WPS;;44
Claro Internet;78:e8:b6:7f:bb:9b;WPA-PSK;2462;;;35
AcessPointSala;64:66:b3:ed:53:c0;WPA-PSK;2462;WPS;;33
Oi WiFi Fon;fc:52:8d:5b:0a:19;;2412;;;24
Oi WiFi Fon;b0:c2:87:a8:da:cc;;2412;;;33
Iana;30:b5:c2:cc:54:e0;WPA-PSK;2412;WPS;;33
Ricardo;14:cc:20:c3:bc:80;WPA-PSK;2427;WPS;;33
Jefersonc;b2:47:9a:fc:27:c6;WPA-PSK;2412;WPS;;46
kickow;fe:d4:e5:94:96:22;WPA-PSK;2412;WPS;;46
Madalosso;00:1a:3f:68:bf:d6;WPA-PSK;2462;;;28
Gmadalosso;c4:e9:84:4d:04:7a;WPA-PSK;2412;WPS;;26
TP-LINK4;c4:e9:84:d4:e0:08;WPA-PSK;2422;WPS;;22
Cassiano;14:cc:20:e9:24:71;WPA-PSK;2462;WPS;;20
ALFAMIL;c4:6e:1f:f4:36:1a;WPA-PSK;2412;WPS;;28
HP84B6E8;02:26:96:a3:ad:9d;;2457;;;24
Excellence_Radio;30:b5:c2:de:2e:a0;WPA-PSK;2417;WPS;;26
Oi WiFi Fon;5a:e9:dd:a8:ab:fa;;2462;;;33
COLPO2;8a:85:1a:df:f0:e3;WPA-PSK;2412;WPS;;22
rossano;44:e9:dd:a8:ab:f9;WPA-PSK;2462;WPS;;24
Madalosso_Int;c8:60:00:e7:31:d0;WPA-PSK;2432;;;26
casa das embalagens_int;90:f6:52:b5:9f:06;WPA-PSK;2432;WPS;;33
Costa_Fiber;00:1d:2b:fe:61:b1;WPA-PSK;2412;WPS;;26
Oi WiFi Fon;88:f7:c7:b2:75:92;;2412;;;20
Fabio a net eh minha!!!!;bc:ae:c5:88:bd:54;WPA-PSK;2452;;;51
LOPES_PEIXOTO;00:1d:2b:fb:aa:91;WPA-PSK;2412;WPS;;26
Duarte;6c:72:20:5e:61:6b;WPA-PSK;2462;WPS;;26
Roni_Int;58:10:8c:b1:84:c6;WPA-PSK;2452;;;33
Centro Empresarial - WiFi;c4:6e:1f:df:e0:6c;WPA-PSK;2432;WPS;;28
ADVOCACIA;30:b5:c2:a0:e9:1e;WPA-PSK;2462;WPS;;26
Belochio_Int;c4:e9:84:b8:55:d2;WPA-PSK;2432;WPS;;40
MINOZZO ENGENHARIA;fc:c8:97:7f:48:90;WPA-PSK;2472;;;53
MINOZZO_ENGENHARIA;00:17:9a:25:31:92;WPA-PSK;2437;;;28
Matheus;c4:e9:84:79:f3:e4;WPA-PSK;2437;WPS;;31
Sebrae_Visitantes;12:09:0f:7d:cb:79;WPA-PSK;2412;;;24
Sebrae_Corporativo;00:09:0f:7d:cb:79;WPA-PSK;2412;;;22
CES - Auditorio;c4:6e:1f:df:df:a6;WPA-PSK;2447;WPS;;28
Everton;c8:3a:35:2c:22:38;WPA-PSK;2447;;;31
SEBRAE;68:1a:b2:61:5e:4c;WPA-PSK;2472;;;24
Froilam;74:ea:3a:c6:38:fc;WPA-PSK;2447;WPS;;33
SFesta_int;78:44:76:02:7c:b3;WEP;2462;;;20
Oi WiFi Fon;00:18:e7:9d:9d:3a;;2457;;;26
Mariza Perufo;90:f6:52:d1:d4:8e;WPA-PSK;2412;WPS;;20
Cia das Frutas;64:66:b3:65:84:92;WPA-PSK;2412;WPS;;31
valdiradvocacia;e8:94:f6:d8:03:b4;WPA-PSK;2412;WPS;;20
401;00:15:e9:07:53:de;WPA-PSK;2437;;;26
dlink;f0:7d:68:df:b5:76;WEP;2437;;;37
HP-Print-B9-Deskjet 2540 series;9c:b6:54:dc:88:b9;WPA-PSK;2437;;;22
Evanderson_Int;c8:3a:35:31:cf:d8;WPA-PSK;2432;;;28
RJR ADVOGADOS;00:18:e7:9d:9d:39;WPA-PSK;2457;;;51
Elite;e8:94:f6:c2:db:e2;WPA-PSK;2412;WPS;;28
Zelir_Int;1c:7e:e5:bc:cb:84;WPA-PSK;2422;;;28
IMPERIO DAS CHAVES;82:d8:5b:d6:2f:f2;WPA-PSK;2412;WPS;;31
Minozzo__Informatica;64:66:b3:8f:51:78;WPA-PSK;2412;WPS;;26
Clarissa Trentim;c0:4a:00:5c:93:50;WPA-PSK;2427;WPS;;24
Cris_int;d8:5d:4c:d1:34:18;WPA-PSK;2437;;;28
Mello;00:1a:3f:85:9f:3a;WPA-PSK;2462;;;24
Oi WiFi Fon;cc:03:fa:2e:07:6d;;2412;;;26
Everton_net;c8:3a:35:1c:4c:08;WPA-PSK;2417;;;20
Briana_Int;c4:6e:1f:e5:44:5c;WPA-PSK;2432;WPS;;28
Wenceslau_Int;90:f6:52:b5:a9:72;WPA-PSK;2427;WPS;;20
AVIVAH;82:93:ea:fe:ac:70;WPA-PSK;2462;WPS;;37
Oi WiFi Fon;80:29:94:2c:d6:52;;2462;;;28
Oi WiFi Fon;00:18:e7:a0:89:6b;;2412;;;42
ligia;e8:de:27:d3:dd:e8;WPA-PSK;2437;WPS;;28
Kero Presentes 2;14:cc:20:b8:77:b4;WPA-PSK;2412;WPS;;20
Oi WiFi Fon;72:84:b0:a1:32:09;;2412;;;40
centraldeclinicarandar03;64:70:02:6d:0c:a6;WPA-PSK;2422;WPS;;35
Oi WiFi Fon;62:84:b0:96:20:ef;;2462;;;31
Consultorio odontologico;00:1a:3f:c0:87:ae;WPA-PSK;2412;WPS;;28
Brum.r;02:59:ef:03:04:69;WPA-PSK;2412;;;53
For_men;64:66:b3:c1:c7:1a;WPA-PSK;2432;;;22
Jet router;00:0c:42:61:30:4f;WPA-PSK;2462;;;35
Maiquel_Int;d8:5d:4c:f3:04:00;WPA-PSK;2417;WPS;;24
FERNANDA;10:fe:ed:8e:10:6c;WPA-PSK;2462;WPS;;26
CASA;90:f6:52:a3:34:ac;WPA-PSK;2412;WPS;;20
Oi WiFi Fon;cc:03:fa:2e:03:ef;;2462;;;22
HP-Print-5F-Officejet Pro 8620;fc:15:b4:af:59:5f;;2462;;;28
Oi WiFi Fon;80:29:94:2d:67:4e;;2452;;;40
Oi WiFi Fon;08:95:2a:65:f7:fc;;2412;;;33
Oi WiFi Fon;cc:03:fa:2e:4c:61;;2462;;;26
Jontex;e2:4f:5d:2e:a6:3c;WPA-PSK;2462;WPS;;22
Oi WiFi Fon;e0:88:5d:01:a0:59;;2462;;;24
Maria_Int;00:18:e7:48:87:66;WPA-PSK;2427;;;20
Eden_Int;c4:e9:84:bd:54:2e;WPA-PSK;2452;WPS;;24
AP;58:10:8c:08:83:da;WPA-PSK;2437;;;37
VITRINY;00:02:72:76:07:83;WPA-PSK;2462;;;33
Genaro_Int;e8:94:f6:d8:7c:66;WPA-PSK;2432;WPS;;22
MatheusSF_Int;30:b5:c2:da:da:1e;WPA-PSK;2422;WPS;;37
Casa_Int;c4:e9:84:d4:a0:6c;WPA-PSK;2422;WPS;;37
Vilson_Int;c4:e9:84:b2:20:d6;WPA-PSK;2452;WPS;;35
FRESCALLE1;18:17:25:09:b8:aa;WPA-PSK;2462;;;28
Oi WiFi Fon;58:23:8c:98:7e:33;;2412;;;20
OTICAPONTUAL 1;5a:49:d2:97:6d:f7;WPA-PSK;2412;;;26
Sensual_Int;64:66:b3:ec:fa:d2;WPA-PSK;2427;WPS;;37
wircasa;90:f6:52:4e:0c:cc;WEP;2462;WPS;;22
rodrigo_int;74:ea:3a:b8:d0:54;WPA-PSK;2462;WPS;;17
SULLAB;c4:6e:1f:e5:01:de;WPA-PSK;2412;WPS;;46
Koka_Int;10:fe:ed:92:24:32;WPA-PSK;2432;WPS;;42
Anderson;58:10:8c:ab:c3:aa;WPA-PSK;2462;;;22
ChiliJeans;94:44:52:51:8c:f4;WPA-PSK;2412;WPS;;24
Kerpel_Int;d8:5d:4c:f2:e9:5c;WPA-PSK;2432;WPS;;51
Larissa_Int;c0:4a:00:7d:b5:54;WPA-PSK;2452;WPS;;31
Kamal-Casa;00:0a:eb:41:f9:7d;WPA-PSK;2462;WPS;;26
Fharmac;00:18:e7:9b:30:c6;WPA-PSK;2412;;;66
VACARI;90:8d:78:bd:5e:2d;WPA-PSK;2462;;;33
Oi WiFi Fon;00:18:e7:9b:30:c7;;2412;;;64
RTK 11n AP;80:3f:5d:81:96:c1;;2462;WPS;;24
Raggin;00:18:e7:aa:26:fc;WPA-PSK;2412;;;33
CacauShow;c4:e9:84:a7:83:76;WPA-PSK;2447;WPS;;31
Principal;00:1a:3f:d3:67:e2;WPA-PSK;2437;;;17
Santiagonet_Int;d8:5d:4c:f2:e7:f4;WEP;2417;WPS;;55
Oi WiFi Fon;00:18:e7:aa:26:fd;;2412;;;40
Venancio;c4:e9:84:41:ab:88;WPA-PSK;2437;;;40
SKATE_ROCK_CLUB;74:ea:3a:bc:ea:dc;WEP;2432;WPS;;33
Fashion10;00:1a:3f:86:44:74;WPA-PSK;2462;;;24
Sergio_Int;10:fe:ed:0e:f1:b8;WPA-PSK;2432;WPS;;26
Casa Jose;00:1a:3f:85:9e:20;WPA-PSK;2462;;;24
29Cpers_Int;c4:e9:84:c5:c1:a2;WPA-PSK;2422;WPS;;40
Imobiliaria_Internet;90:f6:52:c2:d8:ea;WPA-PSK;2417;WPS;;33
Rosanaw;e8:de:27:81:2b:84;WPA-PSK;2432;WPS;;22
PROFESSIONAL;00:1a:70:e4:ea:83;WEP;2427;;;31
Sulimar_Int;c4:e9:84:bd:92:62;WPA-PSK;2452;WPS;;46
Sonia_int;e8:94:f6:94:20:7c;WPA-PSK;2427;WPS;;24
Jean_Int;c8:3a:35:5a:17:48;WPA-PSK;2447;;;20
Douglas_Int;30:b5:c2:d5:19:06;WPA-PSK;2437;WPS;;20
Vanessa;30:b5:c2:cc:47:40;WPA-PSK;2417;WPS;;42
Oi WiFi Fon;72:10:d4:c6:44:15;;2462;;;31
Marielle Gonçalves Cabeleireiro;ce:c6:30:da:0f:1c;WPA-PSK;2412;WPS;;24
Quarto JV;a0:f3:c1:e5:11:52;WPA-PSK;2462;WPS;;40
Munira_Int;64:70:02:68:94:26;WPA-PSK;2427;WPS;;22
claudio;a0:f3:c1:cb:07:e1;WPA-PSK;2412;WPS;;53
Joao_Int;00:1a:ef:12:cd:33;WPA-PSK;2447;WPS;;20
HP-Print-7D-LaserJet 1102;9c:d2:1e:e8:7a:7d;;2437;;;22
Vera;90:f6:52:d3:b2:16;WPA-PSK;2427;WPS;;35
Andrade_tenis;5a:5d:c1:14:97:79;WPA-PSK;2462;WPS;;33
Oi WiFi Fon;58:23:8c:98:99:d9;;2462;;;31
dlink;6c:19:8f:bc:98:0a;WPA-PSK;2412;WPS;;57
ANDRADE TENIS;00:1a:3f:53:ea:54;WPA-PSK;2462;;;20
ANDRADE TENIS 2;68:1a:b2:68:4e:a4;WPA-PSK;2447;;;20
HD_eletronicos;8c:10:d4:c6:44:14;WPA-PSK;2462;WPS;;48
Barriga verde;b2:31:88:a1:a5:f5;WPA-PSK;2412;WPS;;55
TopMais;30:b5:c2:af:be:b2;WPA-PSK;2412;WPS;;37
Malhas Darc;8c:10:d4:21:0b:f1;WPA-PSK;2462;WPS;;31
Oi WiFi Fon;b0:c2:87:a8:eb:3c;;2412;;;53
HP869BFE;02:2c:6c:df:b5:da;;2457;;;33
Oi WiFi Fon;72:64:d9:b0:6a:21;;2462;;;24
luiza bjux;54:64:d9:b0:6a:20;WPA-PSK;2462;WPS;;22
Oi WiFi Fon;62:10:d4:21:0b:f2;;2462;;;22
Kaza10;64:66:b3:38:76:78;WPA-PSK;2437;WPS;;22
Salete_Int;54:e6:fc:ee:88:82;WPA-PSK;2427;WPS;;31
Marisete;c8:3a:35:37:55:68;WPA-PSK;2437;;;33
Bruna;00:1a:3f:18:7c:2f;WPA-PSK;2417;;;28
DIRECT-YT[TV]lorenzini;de:71:44:54:75:c8;WPA-PSK;2427;WPS;;33
DIRECT-8CA0AF7C;66:eb:8c:a0:2f:7c;WPA-PSK;2412;WPS;;26
Saude Bucal;d0:84:b0:1e:5a:e1;WPA-PSK;2412;WPS;;26
Oi WiFi Fon;5a:84:b0:1e:5a:e2;;2412;;;20
Planeje;10:fe:ed:0e:f7:c6;WPA-PSK;2432;WPS;;20
Hotel Vila Rica - 03;b0:48:7a:c3:fe:52;WPA-PSK;2437;WPS;;24
Hotel Vila Rica - 02;00:1e:58:15:a3:46;WPA-PSK;2432;;;28
Recepcao Hotel Vila Rica;54:e6:fc:ce:3b:82;WPA-PSK;2422;WPS;;24
Oi WiFi Fon;72:10:d4:20:e6:08;;2462;;;44
dedins;8c:10:d4:20:e6:0b;WPA-PSK;2462;WPS;;46
HELIANTUS;5a:6d:59:2e:4f:90;WPA-PSK;2412;WPS;;24
Oi WiFi Fon;58:23:8c:97:a7:dd;;2412;;;33
Hotel Vila Rica - 04;90:f6:52:56:34:b8;WPA-PSK;2437;WPS;;44
Guilgue;82:97:5d:5d:b9:6e;WPA-PSK;2412;WPS;;31
Oi WiFi Fon;80:29:94:2c:d6:5a;;2412;;;20
HP-Print-64-LaserJet 1102;54:35:30:fd:8d:64;;2437;;;28
Hotel Vila Rica - 01;00:1a:3f:57:fb:ca;WPA-PSK;2427;;;26
Menina_Mulher_Int01;e8:94:f6:d8:40:72;WPA-PSK;2437;WPS;;26
XAVANTE;30:b5:c2:3f:0a:20;WPA-PSK;2417;WPS;;35
tatiane;b2:41:e6:55:a8:e6;WPA-PSK;2432;WPS;;26
Wir_Mariabonita;78:54:2e:a8:28:e2;WEP;2457;;;22
Oi WiFi Fon;b0:c2:87:a8:da:64;;2432;;;28
tatiane2;74:ea:3a:fa:dd:32;WPA-PSK;2462;;;28
3Cristofari;00:1a:3f:a0:df:24;WPA-PSK;2462;;;24
Delevatti2;c8:3a:35:03:7c:58;WPA-PSK;2437;;;26
Luciana;64:66:b3:af:83:d2;WPA-PSK;2442;WPS;;31
Alfa Music;54:e6:fc:ea:24:aa;WPA-PSK;2462;;;28
PabloVMG;54:e6:fc:dc:aa:7e;WPA-PSK;2412;WPS;;35
wireom3-p4h;00:0c:42:69:fd:0d;WEP;2412;;;46
Oi WiFi Fon;cc:03:fa:2d:fe:95;;2462;;;26
CarlaAnderson;ce:0e:84:66:04:e6;WPA-PSK;2462;WPS;;20
Interno;90:f6:52:af:b5:c6;WPA-PSK;2422;WPS;;31
2Cristofari;78:44:76:27:a4:04;WEP;2412;;;28
Dinara_Int;f4:ec:38:d2:3a:b4;WPA-PSK;2422;WPS;;28
Dalosto_int;d8:5d:4c:a4:8c:c5;WPA-PSK;2427;;;26
5Cristofari;c4:e9:84:ac:07:6e;WPA-PSK;2422;WPS;;24
Alves e Pavanello;5a:ff:6b:5e:85:82;WPA-PSK;2412;WPS;;33
nadia;f8:d1:11:22:64:36;WPA-PSK;2437;WPS;;28
Oi WiFi Fon;58:23:8c:98:1c:e3;;2412;;;33
Loja15;18:17:25:09:5d:4c;WPA-PSK;2457;;;22
Dinara2_Int;64:70:02:53:89:4c;WPA-PSK;2422;WPS;;17
miguel;28:28:5d:99:7b:ac;WPA-PSK;2457;WPS;;22
NS2-ESC;00:0c:42:6e:12:75;WPA-PSK;2462;;;33
MP_Comunidade;14:cc:20:72:af:24;WPA-PSK;2422;WPS;;26
MARCIA;30:b5:c2:cc:7c:36;WPA-PSK;2412;WPS;;17
Bressan;c4:6e:1f:e6:1b:7e;WPA-PSK;2462;WPS;;17
Espindola_Int;d8:5d:4c:b1:2f:e5;WPA-PSK;2427;;;22
INTELBRAS;00:1a:3f:74:87:34;WPA-PSK;2462;;;37
Emporio_WIFI;64:70:02:53:fe:6a;WPA-PSK;2427;WPS;;20
Dinara3_Int;d8:5d:4c:f3:03:da;WPA-PSK;2422;WPS;;17
Oi WiFi Fon;00:18:e7:a0:05:bb;;2412;;;20
Sandra;00:e0:4b:cf:17:fa;WPA-PSK;2462;WPS;;22
INOVE2;00:18:e7:a0:05:ba;WPA-PSK;2412;;;31
dudacasa;f4:ec:38:e1:1f:d2;WPA-PSK;2452;WPS;;42
SindicatoRural_int;c4:6e:1f:bb:c9:46;WPA-PSK;2442;WPS;;26
Rimar_Moveis;00:1a:3f:97:a1:b4;WPA-PSK;2432;WPS;;24
HP-Print-BA-Officejet Pro 8600;00:9c:02:ce:00:ba;WPA-PSK;2412;;;31
Oi_Velox_WiFi_E213;b4:b3:62:5e:e2:13;WPA-PSK;2412;;;24
ESOTECH ELETRONICA;90:f6:52:dd:7d:0c;WPA-PSK;2412;WPS;;20
Macax;20:aa:4b:77:fb:78;WPA-PSK;2422;WPS;;46
Volmir;78:44:76:72:7e:88;WPA-PSK;2462;WPS;;26
Cocentino_Junior;00:1a:3f:91:7e:36;WPA-PSK;2437;;;26
$$JR08$$;00:11:95:79:ab:22;WPA-PSK;2437;;;24
cn1470;64:66:b3:b8:0a:de;WPA-PSK;2447;WPS;;24
virus;e8:de:27:72:60:64;WPA-PSK;2412;WPS;;31
CoopPrestServ_Int;30:b5:c2:cc:7a:14;WPA-PSK;2422;WPS;;40
DR. GUSTAVO;ac:f1:df:e8:c5:b0;WPA-PSK;2412;WPS;;20
Gaucha;c4:e9:84:d4:c2:2a;WPA-PSK;2462;WPS;;28
Estacao do Cabelo;ec:f0:0e:00:80:81;WPA-PSK;2457;;;20
Oi WiFi Fon;b0:c2:87:f6:08:fb;;2462;;;17
claudio;b2:e2:e7:99:42:40;WPA-PSK;2462;WPS;;22
GUASSO;08:10:74:3f:39:a0;WPA-PSK;2412;;;24
Felipe;ec:22:80:c8:8c:06;WPA-PSK;2462;;;20
Advvimar;30:b5:c2:a0:e8:ae;WPA-PSK;2437;WPS;;22
BIG 10;fe:91:66:83:4f:71;WPA-PSK;2412;WPS;;33
Oi WiFi Fon;fc:52:8d:b6:bd:36;;2412;;;37
Mariana_Int;c8:3a:35:33:2a:d8;WPA-PSK;2432;WPS;;22
TatianeGB_INT;90:f6:52:c2:ea:9e;WPA-PSK;2422;WPS;;28
Marines_Int;f4:ec:38:e3:37:20;WPA-PSK;2422;WPS;;22
NP2-CL;02:0c:42:6e:12:75;WPA-PSK;2447;;;26
maciel_int;00:4f:62:12:43:7a;WEP;2462;;;33
Elvani;c4:6e:1f:60:da:bc;WPA-PSK;2417;WPS;;28
3Cristofari_Fundos;00:1a:3f:bc:5c:2c;WPA-PSK;2442;;;28
Indio;00:14:51:6d:01:9b;WPA-PSK;2462;;;28
Oi WiFi Fon;18:17:25:09:5d:4d;;2457;;;20
JAQUELINE;c8:3a:35:1e:18:f0;WPA-PSK;2452;;;20
Marita_Modas;64:66:b3:ec:fb:54;WPA-PSK;2422;WPS;;22
Galegos;64:66:b3:65:73:ae;WEP;2462;WPS;;20
PINGO 2016;14:d6:4d:f9:ea:47;WPA-PSK;2417;;;42
ArteMulticlinica;c4:e9:84:bd:8f:c2;WPA-PSK;2432;WPS;;22
Iara_Int;f8:1a:67:91:94:60;WPA-PSK;2432;WPS;;22
Draft Beer;82:2e:e8:d2:91:df;WPA-PSK;2412;WPS;;31
Escritoriorn;c0:a0:bb:17:e0:26;WPA-PSK;2462;;;26
ap_1101;00:1d:2b:ff:05:01;WPA-PSK;2412;WPS;;26
stnet_ctrlclin_and02;f4:ec:38:d2:3a:de;WPA-PSK;2417;WPS;;31
karine_int;c0:4a:00:87:97:a8;WPA-PSK;2412;WPS;;17
wir_elaine;b0:48:7a:ca:9f:a2;WPA-PSK;2412;WPS;;24
DM multimarcas;04:c0:6f:28:ea:44;WPA-PSK;2412;;;33
Joao;30:b5:c2:a0:e9:9c;WEP;2462;WPS;;22
dlink;1c:af:f7:5b:9a:4e;WPA-PSK;2437;;;35
Zete;54:e6:fc:a6:f8:b0;WEP;2462;WPS;;33
DrogaCentro_Int;c4:e9:84:9f:e5:d2;WPA-PSK;2432;WPS;;31
proinfo;00:25:86:cf:42:17;WEP;2452;;;31
Jet Link Telecom  -  Visitantes;02:0c:42:61:30:26;WPA-PSK;2462;;;24
Lfg_santiago_;00:1a:3f:9f:f9:f6;WPA-PSK;2437;;;26
Store;b2:25:ae:72:8e:cb;WPA-PSK;2412;WPS;;26
Oi WiFi Fon;b0:c2:87:a8:da:70;;2412;;;26
Leni;54:e6:fc:9b:6a:58;WPA-PSK;2412;;;26
Pneumologista_Int;00:1a:3f:81:a9:dc;WPA-PSK;2432;;;26
DIEGO_INT;54:e6:fc:ca:c8:72;WEP;2462;;;26
Danielathones;44:e9:dd:cc:11:72;WPA-PSK;2412;WPS;;15
Oi WiFi Fon;62:e9:dd:cc:11:73;;2412;;;22
Laboratorio;d8:fe:e3:47:86:67;WPA-PSK;2427;;;37
CASA;98:fc:11:c8:3c:36;WPA-PSK;2452;WPS;;22
APA - Acesso;90:f6:52:da:86:ce;WPA-PSK;2442;WPS;;20
Oi_Velox_WiFi_9B3A;00:18:e7:a0:9b:3a;WPA-PSK;2457;;;20
Filipe_int;90:f6:52:fe:50:50;WPA-PSK;2447;WPS;;26
ILTOM_PREDIO;00:0e:f4:d6:f9:c7;WPA-PSK;2437;;;28
Rede Brandli;b2:ec:86:b8:b7:19;WPA-PSK;2417;WPS;;40
Oi WiFi Fon;b0:c2:87:a8:da:c6;;2417;;;28
R&A;c8:91:f9:a2:34:46;WPA-PSK;2462;WPS;;26
Oi WiFi Fon;6a:91:f9:a2:34:47;;2462;;;24
HP-Print-60-Deskjet 2540 series;c4:34:6b:2e:7a:60;WPA-PSK;2437;;;33
Nicola_SemiNovos;ec:22:80:8c:11:12;WPA-PSK;2412;;;24
Julio Cesar;c4:e9:84:5c:2b:64;WPA-PSK;2452;WPS;;22
JorgeBueno;c0:4a:00:69:3c:96;WPA-PSK;2437;WPS;;24
esc_lara;10:fe:ed:0e:a9:a2;WEP;2412;WPS;;17
Gustavo;00:1d:2b:fe:13:91;WPA-PSK;2412;WPS;;22
Itaibate;54:04:a6:8c:d8:84;WPA-PSK;2427;;;31
LOJA DUO.;fe:f1:61:94:77:ef;WPA-PSK;2452;WPS;;26
Oi WiFi Fon;fc:52:8d:b6:ce:26;;2452;;;31
Oi WiFi Fon;e0:88:5d:fa:b9:52;;2412;;;17
Oi WiFi Fon;72:84:b0:a4:05:12;;2412;;;15
Vielmo;c0:4a:00:87:95:6e;WPA-PSK;2442;WPS;;22
MOBILLE-casa  e conforto;d0:84:b0:a4:05:11;WPA-PSK;2412;WPS;;33
Oi WiFi Fon;62:84:b0:1e:2c:01;;2462;;;20
MOBILLE;00:0a:eb:1d:17:b3;WPA-PSK;2462;;;33
mobille;64:70:02:6c:f5:08;WPA-PSK;2462;WPS;;33
Oi_Velox_WiFi_1404;9e:1b:eb:02:7e:92;WPA-PSK;2462;WPS;;17
Oi WiFi Fon;9c:97:26:72:14:05;;2462;;;26
Adventure_Sportts;e8:94:f6:d8:04:84;WPA-PSK;2437;WPS;;37
 Curso Marcon;e8:94:f6:bc:b2:12;WPA-PSK;2437;WPS;;33
ESPINDOLA;6c:19:8f:4d:e5:54;WPA-PSK;2412;;;44
GeoFlora;b4:b3:62:5e:f0:1b;WPA-PSK;2417;;;22
Paulo;64:66:b3:f9:eb:de;WPA-PSK;2462;WPS;;24
Oi WiFi Fon;52:91:f9:a2:2d:93;;2412;;;24
Bettin;fe:fb:7f:00:6e:af;WPA-PSK;2432;WPS;;24
Oi WiFi Fon;fc:52:8d:b6:8e:78;;2432;;;22
Oi WiFi Fon;72:91:f9:a2:04:44;;2462;;;20
Cinema;e2:64:80:07:9d:ff;WPA-PSK;2412;WPS;;48
Oi WiFi Fon;5a:64:d9:bc:92:df;;2462;;;51
Centrovet;c4:6e:1f:e4:dd:7e;WPA-PSK;2447;WPS;;17
Oi WiFi Fon;00:18:e7:a0:af:59;;2452;;;22
Gorski_e_Ross;e8:94:f6:9b:e4:f8;WPA-PSK;2462;WPS;;20
SEDUCAO;64:66:b3:62:aa:b4;WPA-PSK;2437;WPS;;28
terezinha_Int;c8:3a:35:29:f8:88;WPA-PSK;2462;;;31
Karen;e8:94:f6:ed:eb:ec;WEP;2417;;;31
Jose_Chechi;00:1a:3f:d3:bc:20;WPA-PSK;2417;WPS;;28
LEDY;c4:e9:84:cb:6f:5a;WPA-PSK;2412;WPS;;26
Radio_Itu;c4:e9:84:e2:7a:dc;WPA-PSK;2462;WPS;;22
Van da Policia Federal;64:70:02:67:90:cf;WPA-PSK;2462;WPS;;20
HP-Print-22-LaserJet 1102;7c:e9:d3:79:02:22;;2437;;;24
pozo;c8:91:f9:d0:9c:1d;WPA-PSK;2462;WPS;;26
Oi WiFi Fon;72:91:f9:d0:9c:1e;;2462;;;26
SCPB;d0:84:b0:97:70:a5;WPA-PSK;2412;;;28
Oi WiFi Fon;5a:84:b0:97:70:a6;;2412;;;28
Kumon;f4:ec:38:f1:24:36;WPA-PSK;2452;WPS;;35
Chiquete_Modas;c8:3a:35:49:69:40;WPA-PSK;2412;;;28
Carine_in;78:44:76:71:5b:d0;WPA-PSK;2462;;;22
Sandra;10:fe:ed:3d:4d:8a;WPA-PSK;2447;WPS;;22
Santiagocell;34:08:04:81:ff:b3;WPA-PSK;2447;WPS;;22
Flavia;10:fe:ed:8b:3c:d8;WPA-PSK;2412;WPS;;26
BUG;f8:1a:67:ea:ac:3c;WPA-PSK;2412;WPS;;26
Mariane2_Int;c4:e9:84:b8:80:e8;WPA-PSK;2422;WPS;;28
TECHNICOLOR;18:17:25:09:5f:4a;WPA-PSK;2462;;;24
AJOTA;10:fe:ed:6f:74:5a;WEP;2447;WPS;;37
Angela;f0:7d:68:e7:e0:8a;WEP;2462;;;31
Shimit_Int;00:23:cd:1d:5f:1a;WPA-PSK;2427;WPS;;26
EDUARDO;7c:4f:b5:e8:23:51;WPA-PSK;2437;;;22
Oi WiFi Fon;18:17:25:09:5f:4b;;2462;;;37
Nilson;74:ea:3a:a3:84:b6;WPA-PSK;2442;WPS;;26
Escritorio;00:21:27:fb:9b:4a;WEP;2437;;;24
Bolinha_BediNet;00:1a:3f:18:8f:21;WPA-PSK;2462;;;31
Fabio;90:f6:52:a7:21:98;WPA-PSK;2452;WPS;;24
G.A transportes;1c:af:05:b7:c2:25;WPA-PSK;2437;;;26
Lapac;00:26:5a:66:f2:80;WPA-PSK;2437;;;28
Chechi Franco Celestino;c4:e9:84:e2:a2:be;WPA-PSK;2452;WPS;;31
paulo;c8:91:f9:a2:2e:84;WPA-PSK;2462;WPS;;31
Silva;e8:de:27:7e:93:76;WPA-PSK;2412;WPS;;17
Andressa_Int;00:23:69:f7:d5:20;WPA-PSK;2422;WPS;;24
Elisa;48:ee:0c:c3:26:76;WPA-PSK;2417;;;42
Hotel_;b2:69:47:12:9a:69;WPA-PSK;2457;WPS;;33
JQuenedi;48:ee:0c:c2:a7:b6;WPA-PSK;2412;;;26
STGOWIFI(2);00:1a:3f:6e:a6:b4;WPA-PSK;2462;;;22
SinueloCred;00:1d:1a:0a:6e:34;WPA-PSK;2462;WPS;;37
Doleys Soares;c4:e9:84:41:e5:b4;WPA-PSK;2412;WPS;;28
Neri_Int;64:70:02:79:66:34;WPA-PSK;2437;WPS;;26
Sissa;00:0e:f4:e5:e3:a7;WPA-PSK;2437;;;28
victorch_wifi;00:27:19:d4:ac:34;WPA-PSK;2437;;;53
Mara;14:cc:20:f9:7b:d4;WPA-PSK;2427;WPS;;44
Dierle;e8:de:27:72:32:ec;WPA-PSK;2412;WPS;;22
Taruma 1;30:b5:c2:a0:d8:54;WPA-PSK;2412;WPS;;20
Taruma;64:70:02:62:bc:c4;WPA-PSK;2412;WPS;;37
Panda II;30:b5:c2:23:d3:62;WPA-PSK;2462;WPS;;33
HP-Print-D8-Deskjet 4640 series;a0:48:1c:65:b1:d8;WPA-PSK;2417;;;40
Tatiana_Int;90:f6:52:b5:a9:04;WPA-PSK;2427;WPS;;37
Amanda_Int2;c4:6e:1f:e5:42:18;WPA-PSK;2417;WPS;;17
Viero_Int;64:70:02:66:1d:dc;WPA-PSK;2427;WPS;;31
Anderson_oi;e2:f0:23:0b:88:73;WPA-PSK;2462;WPS;;35
Paulo;c4:6e:1f:69:a9:f2;WPA-PSK;2437;WPS;;33
Jornada;30:b5:c2:0c:78:d4;WPA-PSK;2447;WPS;;20
Greice_Int;e8:94:f6:c2:f8:f6;WPA-PSK;2442;WPS;;46
lucas;84:a8:e4:11:a4:56;WPA-PSK;2452;;;26
Paulo_frente;ec:f0:0e:00:80:a8;WPA-PSK;2417;;;37
Rede-Casa;00:1a:3f:bb:79:59;WPA-PSK;2447;;;26
Luis;c8:3a:35:39:7c:e0;WPA-PSK;2462;;;22
MINOZZO;c4:e9:84:66:bf:c4;WPA-PSK;2412;WPS;;42
Casa;a0:f3:c1:b1:12:e4;WPA-PSK;2437;;;22
TP-LINK_89A4;c4:e9:84:b8:89:a4;WPA-PSK;2457;WPS;;26
Oi WiFi Fon;80:29:94:2e:7b:d6;;2432;;;24
joao ;82:c8:c8:2c:a3:99;WPA-PSK;2432;WPS;;24
ODONTOVIDA;f4:ec:38:f2:60:9a;WPA-PSK;2462;;;20
cleber;e2:8e:9e:39:e3:d1;WPA-PSK;2462;WPS;;33
wifi_anacarla;64:66:b3:3f:35:10;WPA-PSK;2462;WPS;;26
Daniel's;00:1a:3f:d6:5d:50;WPA-PSK;2412;;;40
Oi WiFi Fon;e0:88:5d:02:05:f5;;2462;;;22
Carlos_net;90:f6:52:f0:b6:42;WPA-PSK;2427;WPS;;26
Vovo_Ro;f8:1a:67:f8:21:10;WPA-PSK;2412;WPS;;31
Oi WiFi Fon;88:f7:c7:b2:75:38;;2462;;;24
Fernanda_net;00:1a:3f:94:6a:0e;WPA-PSK;2412;;;33
VERA;1c:af:f7:61:0a:3c;WPA-PSK;2437;;;28
SOUTO;8a:87:0d:fc:ba:28;WPA-PSK;2462;WPS;;24
Porao Pizzeria;d0:84:b0:a4:72:82;WPA-PSK;2412;WPS;;31
LUCIMARA;00:e0:20:35:3c:a2;WPA-PSK;2457;WPS;;35
CNA2;00:26:5a:66:d3:f2;WPA-PSK;2437;;;28
Oi WiFi Fon;62:84:b0:a4:72:83;;2412;;;40
Oi WiFi Fon;b0:c2:87:a8:cb:84;;2412;;;33
Paulo;b2:58:f8:67:fd:83;WPA-PSK;2412;WPS;;40
adriana_int;74:ea:3a:b8:b7:c6;WPA-PSK;2412;WPS;;37
CNA;00:18:e7:a0:60:42;WPA-PSK;2422;;;26
Eugenia_Int;e8:de:27:81:3c:fe;WPA-PSK;2427;WPS;;33
RCINFO;00:1a:3f:8f:7f:48;WPA-PSK;2462;WPS;;26
Ello;d8:5d:4c:a6:5c:06;WPA-PSK;2412;WPS;;26
Oi WiFi Fon;00:18:e7:a0:60:43;;2422;;;24
chalita_int;74:ea:3a:b8:d0:f0;WPA-PSK;2437;WPS;;40
LEDY;14:cc:20:84:1c:b3;WPA-PSK;2412;WPS;;20
Luis;00:1d:2b:fe:dc:81;WPA-PSK;2412;WPS;;24
SAFESOFT167872;84:10:0d:93:44:1f;WPA-PSK;2412;;;51
LARI_BOSSO;c4:a8:1d:23:91:30;WPA-PSK;2462;WPS;;20
Multilaser_WS01;c8:3a:35:26:bb:f8;WPA-PSK;2437;;;26
SANDRINE MINUZZI;64:66:b3:bd:0d:dc;WPA-PSK;2437;WPS;;31
Angelo40;28:28:5d:9a:37:94;WPA-PSK;2462;WPS;;22
Oi WiFi Fon;fc:52:8d:b5:63:a4;;2457;;;24
Vera_Int;00:21:27:2d:7f:9c;WPA-PSK;2447;;;28
Bruna;00:1d:1a:0b:39:ea;WPA-PSK;2462;WPS;;20
Oi WiFi Fon;00:18:e7:9a:b5:29;;2437;;;31
Ap 51;fe:8c:6f:11:7e:0e;WPA-PSK;2457;WPS;;28
Cezao_games;00:18:e7:9a:b5:28;WPA-PSK;2437;;;68
RS000500847_Network;00:25:9c:6c:58:f6;WPA-PSK;2437;WPS;;22
Fox Video;e8:94:f6:d8:78:3a;WPA-PSK;2437;WPS;;24
Carmen_Int;c4:6e:1f:3c:a9:cc;WPA-PSK;2422;WPS;;24
Oi WiFi Fon;6a:64:d9:c0:25:29;;2462;;;17
Oi WiFi Fon;b0:c2:87:a8:d9:d0;;2462;;;28
Gabinete;90:f6:52:a7:25:62;WPA-PSK;2422;WPS;;20
LancheriaPraca;b2:77:b5:8b:4e:60;WPA-PSK;2462;WPS;;31
Paulo;ec:22:80:a2:2e:3e;WPA-PSK;2412;;;26
Oi WiFi Fon;b0:c2:87:a8:89:00;;2412;;;31
AUTCONQUISTE;78:44:76:22:62:a4;WPA-PSK;2462;;;24
Tacely;c4:e9:84:d4:e5:d0;WPA-PSK;2452;WPS;;40
CarlosJuares;e8:de:27:ab:4a:e2;WPA-PSK;2412;WPS;;17
demerson brum;b2:49:cb:dd:bd:3c;WPA-PSK;2412;WPS;;20
Guilherme;00:18:e7:9f:fd:ee;WPA-PSK;2412;;;26
Deise_Int;64:70:02:82:a7:aa;WPA-PSK;2432;WPS;;26
Jane - WiFi;f8:d1:11:96:31:2c;WPA-PSK;2447;WPS;;26
wir_reolon;74:ea:3a:fa:67:3c;WPA-PSK;2422;;;35
Oi WiFi Fon;b0:c2:87:a8:d9:08;;2412;;;33
dlink;00:26:5a:5a:85:f6;WEP;2437;;;26
Hotel_Acordes_2B;c4:6e:1f:bb:f8:3e;WPA-PSK;2437;WPS;;31
Bixarada_Int;f0:7d:68:dd:d7:72;WPA-PSK;2437;;;28
Oi WiFi Fon;00:18:e7:9d:8a:84;;2412;;;35
Claro-60E0;58:1f:28:e9:60:e4;WPA-PSK;2412;WPS;;26
Hotel_Acordes_5B;30:b5:c2:2b:7d:34;WPA-PSK;2422;WPS;;22
Internacional;c8:91:f9:d9:94:5d;WPA-PSK;2462;WPS;;22
Bruna_Int;c4:6e:1f:e5:41:da;WPA-PSK;2422;WPS;;33
Hotel_Acordes_1A;10:fe:ed:8b:05:20;WPA-PSK;2412;WPS;;22
Demerson;00:21:91:6e:fc:f8;WPA-PSK;2442;;;26
NP2G-L;00:0c:42:6e:14:13;WPA-PSK;2422;;;28
Oi WiFi Fon;62:91:f9:d9:94:5e;;2462;;;22
Oi WiFi Fon;cc:03:fa:2c:ea:8b;;2462;;;24
NP-L;00:80:48:6d:86:ec;WPA-PSK;2447;;;33
aline1213;ce:0e:18:b9:6c:7a;WPA-PSK;2462;WPS;;26
Criative;00:26:5a:67:24:8a;WPA-PSK;2437;;;20
Nadir;c0:4a:00:90:75:58;WPA-PSK;2412;WPS;;26
Lilian_Int2;f0:7d:68:e0:fb:f8;WPA-PSK;2417;;;20
Arthur_net;f8:1a:67:b2:2b:92;WPA-PSK;2422;WPS;;33
Jerusa_Int;64:70:02:82:ae:60;WPA-PSK;2432;WPS;;28
technicolor;18:17:25:07:09:d0;WPA-PSK;2412;;;48
Centro_de_Pinturas_Cima;64:66:b3:ec:fb:7c;WPA-PSK;2427;WPS;;22
Mariana_Int;00:1c:f0:39:e3:4d;WPA-PSK;2427;;;26
CentroPinturas_Int;c4:e9:84:47:87:54;WPA-PSK;2422;WPS;;24
Nayla;c0:4a:00:87:f4:66;WPA-PSK;2437;WPS;;31
Veronica;f4:ec:38:b8:07:c8;WPA-PSK;2462;WPS;;37
GUGA 1;18:17:25:08:54:58;WPA-PSK;2412;;;51
Angela_Int;b0:48:7a:f2:54:52;WPA-PSK;2422;;;35
Pure Wash;78:44:76:22:ab:fa;WPA-PSK;2462;;;26
wireom3-p2;00:0c:42:69:0d:a9;WEP;2437;;;22
Sharptech Info.;78:44:76:19:b1:90;WPA-PSK;2462;;;22
Francismara;8c:10:d4:c4:69:30;WPA-PSK;2462;WPS;;24
Oi WiFi Fon;62:10:d4:c4:69:31;;2462;;;22
Hotel_Acordes_2A;10:fe:ed:8b:40:6e;WPA-PSK;2412;WPS;;40
Oi_Velox_WiFi_1902;d0:84:b0:a5:19:03;WPA-PSK;2462;WPS;;17
RSADVOGADOS;00:18:e7:9d:8a:83;WPA-PSK;2412;;;22
Hotel_Acordes_5A;30:b5:c2:0c:f0:0e;WPA-PSK;2462;WPS;;24
wireom3-p3;00:0c:42:69:fc:ed;WEP;2472;;;26
Augusto;00:25:86:d9:b3:77;WEP;2437;;;22
Paulo_Ricardo;64:70:02:68:94:48;WPA-PSK;2427;WPS;;28
Daniela_Int;64:66:b3:c1:c2:aa;WPA-PSK;2427;WPS;;31
TPLINK;e8:94:f6:32:cf:d4;WPA-PSK;2412;WPS;;33
Maria_Int;90:f6:52:5f:9b:4a;WPA-PSK;2412;WPS;;40
DAVID;30:b5:c2:74:8c:27;WPA-PSK;2462;WPS;;33
Helvio_2GEXT;84:1b:5e:42:2a:cf;WPA-PSK;2437;WPS;;22
DAVID;c8:91:f9:a2:2c:1c;WPA-PSK;2462;;;40
wireom11;00:0c:42:68:2f:e3;WEP;2417;;;24
Helvio;20:aa:4b:25:3c:3c;WPA-PSK;2437;WPS;;26
Joao2_Int;ec:22:80:c7:ec:fe;WPA-PSK;2452;;;26
ELENITA;e8:de:27:49:eb:fe;WPA-PSK;2437;WPS;;24
Oneida_Int;64:66:b3:c1:c5:ee;WPA-PSK;2427;WPS;;15
teo;00:1e:58:0d:25:be;WPA-PSK;2437;;;28
Nathalia;00:1a:3f:8e:16:18;WPA-PSK;2462;;;26
Daniela;30:b5:c2:21:da:b0;WPA-PSK;2462;WPS;;31
AP_303;f8:1a:67:c2:db:b0;WPA-PSK;2412;WPS;;20
CLINICA;18:17:25:0a:a1:e8;WPA-PSK;2452;;;26
Vanessa;90:f6:52:b5:9f:66;WPA-PSK;2432;WPS;;20
AnoLuz_Loja;c4:e9:84:ba:3e:e0;WPA-PSK;2452;WPS;;35
Eduarda;44:e9:dd:a8:fc:8a;WPA-PSK;2412;WPS;;20
Vanessa_;10:fe:ed:0f:5b:62;WPA-PSK;2437;WPS;;26
maria;c8:91:f9:a1:fb:6d;WPA-PSK;2412;WPS;;31
Totonho;02:bd:b9:e2:a7:3d;WPA-PSK;2462;;;22
gilrocha;f8:d1:11:4e:45:fa;WPA-PSK;2462;;;35
Vida_Ativa;00:1a:3f:18:7c:2b;WPA-PSK;2412;;;17
Oi WiFi Fon;6a:91:f9:a1:fb:6e;;2412;;;20
LDSAccess;d0:c7:89:8e:72:10;WPA-PSK;2437;;;40
Oi WiFi Fon;b0:c2:87:a8:c9:f2;;2432;;;31
SandraGarcia;b2:26:3b:ce:3a:27;WPA-PSK;2432;WPS;;46
CristianeInt_02;30:b5:c2:da:d6:4e;WPA-PSK;2437;WPS;;22
Oi WiFi Fon;5a:84:b0:94:f2:c7;;2412;;;26
Paulo_Genro;90:f6:52:70:1f:34;WPA-PSK;2462;WPS;;24
Lupita;d0:84:b0:94:f2:c6;WPA-PSK;2412;WPS;;22
BWW;64:66:b3:dc:c6:c8;WPA-PSK;2412;WPS;;24
Broadcom;14:d6:4d:91:86:e8;WPA-PSK;2437;;;31
Alarico;00:1a:3f:26:bd:77;WPA-PSK;2417;;;28
Davi;30:b5:c2:a0:a6:18;WPA-PSK;2437;WPS;;26
RODRIGO;ac:f1:df:e8:dd:bc;WPA-PSK;2412;WPS;;24
Aline;00:1a:3f:94:6a:5c;WPA-PSK;2412;;;22
Mirian_Int;c8:3a:35:36:3a:70;WPA-PSK;2422;;;35
Silvana;e8:de:27:65:4e:d0;WPA-PSK;2412;WPS;;51
Milena;90:8d:78:70:5f:1b;WPA-PSK;2442;;;35
TESSERACT_WIFI;48:ee:0c:8d:f8:f6;WPA-PSK;2412;;;22
Claudete;00:25:86:de:2b:02;WPA-PSK;2457;;;28
Jessica_int;c8:3a:35:54:55:70;WPA-PSK;2462;;;26
Patricia;00:1a:3f:94:6a:0c;WPA-PSK;2462;;;24
Mateus_int;00:1a:3f:c8:5c:f9;WPA-PSK;2462;;;20
michele_int;00:1a:3f:29:fe:d1;WPA-PSK;2462;;;26
RUTHVADENIR;c0:4a:00:54:36:c6;WPA-PSK;2462;WPS;;24
MARCO 2014;18:17:25:1b:f3:60;WPA-PSK;2432;;;26
Julinho_int;90:f6:52:fe:50:0a;WPA-PSK;2422;WPS;;42
CGIODA;64:70:02:53:ff:34;WEP;2437;WPS;;31
GIODA_01;54:e6:fc:bd:1e:b8;WEP;2432;WPS;;28
Isadora_int;64:70:02:53:5e:72;WPA-PSK;2432;WPS;;26
Pavanello;c4:6e:1f:6d:a1:c4;WPA-PSK;2417;WPS;;37
flavio_Int;54:e6:fc:97:63:c4;WPA-PSK;2432;WPS;;33
PolgaNet;00:1a:3f:2d:a8:2a;WPA-PSK;2462;;;28
negradinhanet;a0:f3:c1:b0:fb:88;WPA-PSK;2437;WPS;;26
Daniele_Int;64:70:02:6d:0d:b8;WPA-PSK;2422;WPS;;15
AP03;c8:d3:a3:50:7f:2e;WPA-PSK;2462;WPS;;24
Wifi_Casa;e2:18:3d:70:c9:5e;WPA-PSK;2412;WPS;;20
Oi WiFi Fon;e0:88:5d:02:c9:bd;;2412;;;22
Luciane_int;d8:5d:4c:f2:e9:14;WPA-PSK;2422;WPS;;31
carla-lages;00:1a:3f:9c:b9:8e;WPA-PSK;2412;WPS;;22
cevi_int;00:4f:62:0f:69:44;WEP;2462;;;22
PAULO;e8:de:27:3d:93:fe;WPA-PSK;2412;WPS;;28
INTELBRAS;00:1a:3f:86:25:82;WPA-PSK;2462;;;33
INTELBRAS;00:1a:3f:7d:c2:34;WPA-PSK;2462;;;33
ROSSO;00:1a:3f:d6:d2:60;WPA-PSK;2462;;;26
Jones;00:1a:3f:28:b2:9f;WPA-PSK;2437;;;35
LG G4 Stylus HDTV_2357;66:bc:0c:3c:d5:45;WPA-PSK;2472;;;20
Marii;84:10:0d:78:c7:e4;WPA-PSK;2412;;;33
Hotel_Acordes_4C;e8:de:27:cc:28:4a;WPA-PSK;2462;WPS;;22
Jaime_int;64:66:b3:7f:6a:70;WPA-PSK;2462;WPS;;40
BISTRO BAR PIZARIA;d0:84:b0:a4:76:08;WPA-PSK;2412;WPS;;26
Ponto_Clinica;30:b5:c2:ce:78:32;WPA-PSK;2432;WPS;;26
BERTASSO;c8:3a:35:54:a9:e0;WPA-PSK;2437;;;20
escritorio;94:0c:6d:fd:e1:b2;WPA-PSK;2427;WPS;;35
Oi WiFi Fon;72:84:b0:a4:76:09;;2412;;;33
SaoJorgeF1;14:cc:20:5c:aa:70;WPA-PSK;2412;WPS;;48
Beto;00:02:6f:7c:97:1c;WPA-PSK;2427;WPS;;22
Conveniencia;c0:4a:00:7d:b8:8a;WPA-PSK;2432;WPS;;24
Rogerio_Int;00:1d:0f:ef:84:7c;WPA-PSK;2432;;;26
MEGGY_INT;64:66:b3:dc:95:d2;WPA-PSK;2412;WPS;;26
Meias&Cia;b4:b3:62:5e:db:b7;WPA-PSK;2412;;;26
Elis22;74:ea:3a:f3:c8:76;WPA-PSK;2447;;;26
Bender;54:64:d9:ae:d0:34;WPA-PSK;2462;WPS;;20
Oi WiFi Fon;6a:64:d9:ae:d0:35;;2462;;;22
Anelize_Int;c4:e9:84:c5:ce:fe;WPA-PSK;2452;WPS;;28
ORTOBOM;fe:fd:99:3d:a0:a7;WPA-PSK;2412;WPS;;31
Anderson_Int;c8:3a:35:13:fe:80;WPA-PSK;2427;;;31
ORTOBOM;c8:3a:35:21:e5:50;WPA-PSK;2442;;;20
Oi WiFi Fon;fc:52:8d:5b:0a:99;;2412;;;20
Josimar_Int;c4:6e:1f:e5:4c:96;WPA-PSK;2442;WPS;;22
Bruna_Int;64:70:02:68:90:08;WPA-PSK;2437;WPS;;22
AMILTON;c8:3a:35:32:8f:68;WPA-PSK;2437;WPS;;22
Wifi Forma;00:1a:3f:1e:b2:6c;WPA-PSK;2462;;;26
Claudio;c4:e9:84:3d:15:36;WPA-PSK;2462;WPS;;24
Abille1;00:18:e7:a0:2d:d4;WPA-PSK;2457;;;24
Oi WiFi Fon;00:18:e7:a0:2d:d5;;2457;;;24
Eusebio;a0:f3:c1:d3:19:78;WPA-PSK;2462;WPS;;31
ESPINDOLA;d8:fe:e3:76:98:16;WPA-PSK;2412;WPS;;33
Bento_int;00:e0:4b:80:4c:07;WEP;2437;;;26
PIXEL WIFI;78:44:76:d9:87:6e;;2412;;;26
Curso Ideal;00:0a:eb:20:8e:f1;WPA-PSK;2422;;;26
Rogerio_Int2;f4:ec:38:ba:68:ac;WPA-PSK;2462;WPS;;22
Oi WiFi Fon;58:23:8c:98:11:33;;2417;;;26
AndroidAP;1c:af:05:c0:e9:55;WPA-PSK;2462;;;37
PeNoChao_Int;c4:e9:84:3d:15:be;WPA-PSK;2432;WPS;;31
HUGO B;38:46:08:e4:f1:80;WPA-PSK;2412;;;17
CASA NET;14:cc:20:9b:48:6a;WPA-PSK;2412;WPS;;46
Rodrigo_net;00:1a:3f:94:6a:04;WPA-PSK;2427;;;48
Marcio_int;c8:3a:35:00:c7:80;WPA-PSK;2412;;;31
Carlos_int;64:66:b3:c1:c6:7e;WPA-PSK;2427;WPS;;22
TaniaDapieve;00:1a:3f:9d:29:88;WPA-PSK;2412;WPS;;24
Daiane_int;c4:6e:1f:60:b3:1e;WPA-PSK;2427;WPS;;22
Enilda_;94:0c:6d:b8:36:77;WPA-PSK;2472;;;40
Luciane;70:62:b8:bf:ec:fa;WPA-PSK;2457;;;40
Power_Games;30:b5:c2:a0:e7:fe;WPA-PSK;2437;WPS;;28
jackson;00:1a:3f:a6:44:44;WPA-PSK;2462;;;26
CASA;4c:5e:0c:11:28:97;WPA-PSK;2462;;;22
Aline_Int;64:70:02:68:94:08;WPA-PSK;2432;;;22
Alexandre_net;c8:3a:35:07:8a:98;WPA-PSK;2462;;;20
rosses;b2:f3:46:87:f8:d3;WPA-PSK;2412;WPS;;31
Oi WiFi Fon;b0:c2:87:a8:89:1e;;2412;;;28
Cristiane_Int;90:f6:52:b5:a8:b0;WPA-PSK;2432;WPS;;26
TP-LINK_CD8434;e8:de:27:cd:84:34;WPA-PSK;2422;WPS;;17
Laura;00:1a:3f:1d:66:3c;WPA-PSK;2462;;;20
Telcio franco;90:f6:52:26:b2:6a;WPA-PSK;2412;;;28
leo chaves;e2:76:17:2b:db:73;WPA-PSK;2457;WPS;;26
Oi WiFi Fon;e0:88:5d:fa:b9:04;;2457;;;22
Luluzinha;e8:94:f6:f0:04:70;WPA-PSK;2437;WPS;;28
Vilanova;c8:3a:35:0d:92:08;WPA-PSK;2437;;;33
LARISSA-PC_Network;c8:3a:35:03:3d:b0;WPA-PSK;2437;WPS;;26
Jundaiba;00:1a:3f:97:80:66;WPA-PSK;2462;WPS;;20
LMGS_Int;c4:e9:84:c5:ce:86;WPA-PSK;2432;WPS;;20
Julio_Net;00:1a:3f:97:47:a2;WPA-PSK;2462;WPS;;22
Ricardoint;30:b5:c2:23:7b:66;WPA-PSK;2462;WPS;;24
Eunice;30:b5:c2:6d:99:dc;WPA-PSK;2412;WPS;;24
Geraldo;c4:6e:1f:ce:fb:64;WPA-PSK;2437;WPS;;28
Rodrigo;c4:e9:84:7a:44:bc;WPA-PSK;2437;WPS;;31
TROJAN.EXE;54:b8:0a:0c:20:2a;WPA-PSK;2412;WPS;;46
Marizane_Int;10:fe:ed:0f:3a:be;WPA-PSK;2422;WPS;;24
Evandro;3c:e5:b4:01:9c:33;WPA-PSK;2462;WPS;;33
Marina_Int;c8:3a:35:26:03:00;WPA-PSK;2427;WPS;;28
Henri;c0:4a:00:5c:93:42;WPA-PSK;2437;WPS;;24
Vanderlan;64:66:b3:c1:c6:fe;WPA-PSK;2422;WPS;;20
wireom13;4c:5e:0c:cb:4c:9c;WEP;2417;;;28
Multilaser_WS02;c8:3a:35:2e:97:b0;WPA-PSK;2437;;;20
ROBSON;a0:f3:c1:b1:06:d6;WPA-PSK;2462;WPS;;22
Jaqueline_Int;f8:d1:11:91:2c:74;WPA-PSK;2427;WPS;;20
Tiago_Int;78:44:76:2f:0e:c0;WPA-PSK;2412;WPS;;28
ISMAEL;00:26:5a:9b:2d:02;WPA-PSK;2457;;;40
Casa AG;c4:e9:84:c5:9c:46;WPA-PSK;2417;WPS;;31
Multilaser_2.4G_5407A0;c8:3a:35:54:07:a0;WPA-PSK;2437;;;31
Iris;c8:3a:35:25:14:10;WPA-PSK;2442;;;33
Edson;fc:75:16:42:e6:3e;WPA-PSK;2437;WPS;;24
Eberson;90:8d:78:bd:4a:85;WPA-PSK;2412;;;22
Falcao;c4:e9:84:a8:dc:a4;WPA-PSK;2437;WPS;;26
jorgesales;c0:4a:00:87:a9:26;WPA-PSK;2412;WPS;;24
JeanLopes;c8:3a:35:24:13:98;WPA-PSK;2437;;;22
Supricorpo;c4:e9:84:d4:59:60;WPA-PSK;2422;WPS;;31
Desejos Do Paladar;82:b6:96:46:ac:2c;WPA-PSK;2447;WPS;;20
Oi WiFi Fon;80:29:94:2d:b0:98;;2447;;;20
ALISSON;82:e5:fd:b7:2a:16;WPA-PSK;2412;WPS;;28
Oi WiFi Fon;80:29:94:2c:77:a8;;2412;;;33
Janderson;00:1a:3f:6e:7d:c8;WPA-PSK;2462;;;24
GeraldoHouse;c4:e9:84:ac:23:20;WPA-PSK;2442;WPS;;24
Elisangela_Int;e8:94:f6:cb:f8:fa;WPA-PSK;2442;WPS;;40
Multilaser_17BFF8;c8:3a:35:17:bf:f8;WPA-PSK;2442;;;33
MILENA;00:1a:3f:2c:bf:e6;WPA-PSK;2462;;;17
PROFESSOR;e8:94:f6:f4:68:7a;WPA-PSK;2447;WPS;;22
Marcelo;00:17:3f:f3:97:ca;WPA-PSK;2462;WPS;;26
Cacilda_Int;64:70:02:82:9d:74;WPA-PSK;2427;WPS;;22
DOCE;e8:de:27:b9:a8:fe;WPA-PSK;2412;WPS;;17
Karrisson;00:1a:3f:1e:b5:da;WPA-PSK;2442;;;31
Rosenai;30:b5:c2:4c:d0:42;WPA-PSK;2437;WPS;;33
Marilene;c4:e9:84:47:a6:e8;WPA-PSK;2412;WPS;;20
Rede_Vinicius;c8:3a:35:0d:19:c8;WPA-PSK;2462;;;26
TP-LINK_DAD6;c4:e9:84:a8:da:d6;WPA-PSK;2437;WPS;;28
Roselaine_Net;00:21:91:32:29:1b;WPA-PSK;2437;WPS;;26
NELTON;90:f6:52:a3:f3:f0;WPA-PSK;2412;WPS;;22
Tanise;f4:ec:38:f4:d8:64;WPA-PSK;2437;;;20
MPB;00:1a:3f:85:b7:ee;WPA-PSK;2412;;;13
Jones;c8:3a:35:4b:1f:90;WPA-PSK;2422;;;40
Velton_int;ac:f1:df:df:71:30;WPA-PSK;2462;WPS;;26
Casa;10:fe:ed:c3:8d:42;WPA-PSK;2422;WPS;;40
BIDINOTO;c0:4a:00:87:f3:d8;WPA-PSK;2412;WPS;;26
Leonardo;1c:bd:b9:b8:e5:4c;WPA-PSK;2462;WPS;;26
Guilherme;00:1a:3f:cc:92:00;WPA-PSK;2462;WPS;;26
TP-LINK_07204B;f8:1a:67:54:32:8c;WPA-PSK;2437;WPS;;44
Mairon;a0:f3:c1:ec:40:74;WPA-PSK;2412;WPS;;26
Jeferson;00:13:33:b4:76:af;WEP;2462;;;22
Rubem Machado;c4:e9:84:5b:ea:c0;WPA-PSK;2412;WPS;;24
isabel oi;00:0e:f4:d7:06:a3;WPA-PSK;2412;;;37
Bruna_Int;64:66:b3:c1:c7:7a;WPA-PSK;2422;WPS;;20
MARCO;fe:dc:0d:b3:d0:af;WPA-PSK;2412;WPS;;31
Oi WiFi Fon;fc:52:8d:b5:63:94;;2412;;;31
Multilaser_Deise;c8:3a:35:0d:03:40;WPA-PSK;2427;;;31
Ariosto2_int;ca:3a:35:2b:41:f1;WPA-PSK;2427;;;26
Ariosto_Int;c8:3a:35:2b:41:f0;WPA-PSK;2427;;;24
Muca;c8:3a:35:39:7e:58;WPA-PSK;2437;;;46
Alexsandro_int;c4:e9:84:bd:73:72;WPA-PSK;2427;WPS;;26
CASA;f4:ec:38:be:3d:d8;WPA-PSK;2462;;;20
Casa;c8:3a:35:1f:de:c8;WPA-PSK;2427;;;24
cereser;c4:6e:1f:a4:23:9e;WPA-PSK;2412;WPS;;24
UAI-FAI;f8:1a:67:89:cc:00;WPA-PSK;2437;WPS;;22
MINOZZO;e8:94:f6:f6:35:52;WPA-PSK;2417;WPS;;31
Luiza2;e8:de:27:49:eb:1c;WPA-PSK;2457;WPS;;44
KARIANE;8c:10:d4:c4:68:49;WPA-PSK;2412;WPS;;20
JulioSaldanha_Int;30:b5:c2:de:49:2c;WPA-PSK;2422;WPS;;26
AP301;c4:e9:84:bd:1c:e6;WPA-PSK;2422;WPS;;24
Cleomar_Int;c8:3a:35:1c:ee:88;WPA-PSK;2427;;;40
Brandao2;90:f6:52:c2:e9:56;WPA-PSK;2422;WPS;;26
RENATO;c4:e9:84:b9:bd:ce;WPA-PSK;2432;WPS;;37
Batcaverna;30:b5:c2:de:49:28;WPA-PSK;2422;WPS;;26
URI-Escola;e4:8d:8c:ee:5e:5f;WPA-PSK;2412;;;33
leandro;b2:38:b7:77:13:ba;WPA-PSK;2457;WPS;;24
Oi WiFi Fon;b0:c2:87:a8:e8:1c;;2457;;;26
Justino_II;74:ea:3a:fd:3d:00;WPA-PSK;2472;;;26
Marilia_Int;9e:d7:a3:38:e7:ad;WPA-PSK;2422;WPS;;31
Marilia2_Int;30:b5:c2:d5:02:36;WPA-PSK;2427;WPS;;22
Marcelo;c8:3a:35:57:da:a8;WPA-PSK;2437;;;20
CRISTIANO AP;00:1a:3f:d8:af:c9;WPA-PSK;2462;;;17
Deivis;b4:b3:62:51:e8:44;WPA-PSK;2412;;;20
LUIZ;d8:5d:4c:d1:38:30;WEP;2437;;;31
Gindri;00:1b:11:a5:c3:f6;WEP;2437;;;24
Gindri_01;c4:e9:84:42:2a:88;WEP;2437;WPS;;24
Mari_Int;c4:e9:84:bd:7d:e6;WPA-PSK;2452;WPS;;24
Rose_Int;64:70:02:79:66:1a;WPA-PSK;2412;WPS;;20
Loja Mercomel;18:17:25:18:7a:b0;WPA-PSK;2412;;;28
Oi WiFi Fon;18:17:25:18:7a:b1;;2412;;;26
Gustavo Turchiello;c8:3a:35:39:5e:60;WPA-PSK;2462;;;26
Rafael;c4:e9:84:cb:6f:22;WPA-PSK;2422;WPS;;40
Oi WiFi Fon;18:17:25:1d:28:53;;2437;;;24
Eliane_int;c4:e9:84:b8:7b:50;WPA-PSK;2452;WPS;;22
Oi WiFi Fon;e0:88:5d:02:c9:c5;;2432;;;17
Posto_27;c4:6e:1f:bb:fc:0c;WPA-PSK;2427;WPS;;26
Oi WiFi Fon;52:10:d4:21:01:a2;;2412;;;26
Oi WiFi Fon;80:29:94:2d:b2:7c;;2432;;;20
Casa das Surdinas;6c:72:20:5f:70:63;WPA-PSK;2437;WPS;;22
Daniel_Int;c4:e9:84:a8:85:40;WPA-PSK;2452;WPS;;22
Luciane;00:06:4f:9a:5d:7a;WPA-PSK;2412;WPS;;31
Oi WiFi Fon;e0:88:5d:01:a3:ad;;2412;;;22
Gessica_Int;64:70:02:53:1b:ae;WPA-PSK;2432;WPS;;22
Regina;8a:58:a6:68:23:e4;WPA-PSK;2457;WPS;;20
Oi WiFi Fon;88:f7:c7:e7:f9:6d;;2457;;;17
millena;02:16:98:a0:b7:3a;WPA-PSK;2412;WPS;;17
Ellen_Int;ea:94:f6:d8:5a:db;WPA-PSK;2412;;;15
Administrativo;e8:94:f6:d8:5a:da;WPA-PSK;2412;;;60
Xperia™ E1 dual_ebb8;30:a8:db:e1:e3:17;WPA-PSK;2437;;;24
Silvane;c8:3a:35:1c:cb:b0;WPA-PSK;2437;;;26
Cristiane;c8:3a:35:54:55:b8;WPA-PSK;2452;;;22
ESCRITORIO_ALMEIDA;64:66:b3:37:20:fa;WPA-PSK;2412;WPS;;33
DIRECT-gm-BRAVIA;9e:ad:97:3c:f8:ef;WPA-PSK;2462;WPS;;28
Albineli;00:1a:3f:6c:10:be;WPA-PSK;2462;;;24
Eliane_Int2;64:70:02:68:af:86;WPA-PSK;2427;WPS;;26
Oi WiFi Fon;b0:c2:87:a8:da:40;;2412;;;26
HotelGloria;90:f6:52:69:6f:f4;WPA-PSK;2412;WPS;;26
Oi WiFi Fon;72:84:b0:95:3d:12;;2412;;;40
Oi WiFi Fon;72:10:d4:21:04:57;;2412;;;22
Oi WiFi Fon;cc:03:fa:2c:d9:39;;2462;;;20
Wi-Fi_Liara;00:13:33:b4:a4:3d;WPA-PSK;2462;WPS;;35
Oi WiFi Fon;58:23:8c:97:42:23;;2457;;;24
Oi WiFi Fon;58:23:8c:97:2a:c3;;2452;;;22
HotelGloria;c4:6e:1f:e5:26:2c;WPA-PSK;2437;WPS;;20
Mr Della Justina;14:cc:20:5c:98:68;WPA-PSK;2462;WPS;;20
Oi WiFi Fon;fc:52:8d:00:0f:6b;;2462;;;20
Andre_int;00:1a:3f:94:6a:42;WPA-PSK;2412;;;37
Gabrieli;00:1a:3f:82:cf:b8;WPA-PSK;2417;;;35
Oi WiFi Fon;58:23:8c:98:79:b1;;2412;;;31
Oi WiFi Fon;e0:88:5d:fa:c5:50;;2452;;;22
Oi WiFi Fon;b0:c2:87:a8:e4:36;;2427;;;31
DELEVATTI;64:66:b3:12:b1:8a;WPA-PSK;2412;WPS;;20
Oi WiFi Fon;58:23:8c:4f:66:d1;;2447;;;44
VP;00:17:d0:71:27:d1;WPA-PSK;2412;;;24
Mateus_Wifi;00:1a:3f:a9:61:f0;WPA-PSK;2462;;;31
Eduardo;ce:dc:f9:3e:32:b1;WPA-PSK;2462;WPS;;26
Oi WiFi Fon;cc:03:fa:2d:7c:25;;2462;;;28
Zanini_Adv;64:66:b3:c1:be:72;WPA-PSK;2432;WPS;;28
SAIMON;f4:ec:38:e0:f7:46;WPA-PSK;2442;;;24
Luciana;90:f6:52:aa:0d:72;WEP;2412;WPS;;20
Multilaser_2.4G_550988;c8:3a:35:55:09:88;WPA-PSK;2447;;;31
CAVEIRA;8a:59:f0:2e:1f:e3;WPA-PSK;2412;WPS;;20
Hanssen;3c:e5:b4:04:53:54;WPA-PSK;2452;;;22
Ademir;c4:e9:84:ac:56:aa;WPA-PSK;2427;WPS;;26
Machado_Int;f8:1a:67:54:32:5a;WPA-PSK;2412;WPS;;26
HP06EAD1;02:26:b6:91:c9:8b;;2457;;;26
Favero_Int;00:1a:3f:9f:a8:16;WPA-PSK;2427;WPS;;22
Oi WiFi Fon;5a:10:d4:c4:68:fa;;2412;;;40
HP7435CC;02:2e:ce:3e:e0:38;;2457;;;31
M3STUDIO;72:6a:f9:5f:6e:74;WPA-PSK;2452;WPS;;33
So Pagando;a0:f3:c1:43:30:78;WPA-PSK;2462;WPS;;20
Emerson_Int;64:66:b3:c1:c0:9a;WPA-PSK;2422;WPS;;26
HP-Print-0D-Deskjet 3510 series;a4:5d:36:0c:b6:0d;;2437;;;26
Oi velox;8c:10:d4:c4:5e:ca;WPA-PSK;2462;WPS;;20
Oi WiFi Fon;52:84:b0:a5:1a:8c;;2437;;;24
Ravalha;d0:84:b0:a5:1a:8f;WPA-PSK;2437;WPS;;28
santiago1;7c:4f:b5:e7:35:c1;WPA-PSK;2437;;;22
LG-E455f_1542;be:f5:ac:b7:53:bd;WPA-PSK;2412;;;37
Ana Zelia;30:b5:c2:a0:ea:96;WPA-PSK;2412;WPS;;46
BOLZANET;fe:a7:6c:c0:f5:be;WPA-PSK;2447;WPS;;37
Oi WiFi Fon;fc:52:8d:b5:61:fc;;2447;;;37
Oi WiFi Fon;62:10:d4:c4:5e:cb;;2462;;;31
HP86497E;02:24:e4:77:69:75;;2457;;;22
Elinara_Int;c0:4a:00:7d:b4:2c;WPA-PSK;2432;WPS;;20
Celio_Int;64:66:b3:d6:36:70;WPA-PSK;2432;WPS;;28
Eduardo_Int;c0:4a:00:69:70:74;WPA-PSK;2422;WPS;;28
Med Clinica;c4:6e:1f:f4:02:7c;WPA-PSK;2432;WPS;;26
Roselaile;e2:82:04:7e:39:0d;WPA-PSK;2412;WPS;;42
Oi WiFi Fon;e0:88:5d:fa:b8:d8;;2412;;;40
Almiro_Int;64:66:b3:ec:fb:6c;WPA-PSK;2427;WPS;;24
HP0D2CC7;02:2c:6c:6a:79:64;;2457;;;20
Scalon_Int;c0:4a:00:69:2c:36;WPA-PSK;2432;WPS;;17
CENTRAL DE MALHAS;c8:91:f9:a2:09:0c;WPA-PSK;2462;WPS;;20
Oi WiFi Fon;62:91:f9:a2:09:0d;;2462;;;24
Oi WiFi Fon;62:e9:dd:cc:11:52;;2462;;;20
Consultorio_Leticia;44:e9:dd:cc:11:51;WPA-PSK;2462;WPS;;26
EscrOliveira_Int;54:b8:0a:92:39:00;WPA-PSK;2417;;;57
HP7A62E1;02:2c:0c:42:58:3d;;2457;;;22
Paraiso Tendencias;00:1d:1a:09:a7:ea;WPA-PSK;2462;WPS;;28
EmporioMorelo;5a:97:24:a0:cb:f2;WPA-PSK;2462;WPS;;24
Orlando;e8:94:f6:48:57:ca;WPA-PSK;2442;WPS;;35
Faccin;00:1a:3f:97:9b:8a;WPA-PSK;2462;WPS;;35
BIOMEDICO.;00:25:86:b1:1f:12;WPA-PSK;2437;;;22
OI_santiago;ce:64:26:43:2b:56;WPA-PSK;2412;WPS;;20
Oi WiFi Fon;cc:03:fa:2f:1e:e7;;2412;;;20
Apto01;c8:3a:35:32:55:68;WPA-PSK;2412;;;26
Color Tintas;c4:e9:84:b8:79:60;WPA-PSK;2462;WPS;;44
OI SANTIAGO;00:18:e7:a0:05:c2;WPA-PSK;2462;;;24
eduardo;5a:6a:d6:bd:95:15;WPA-PSK;2462;WPS;;26
HP-Print-68-LaserJet Pro M201dw;34:68:95:77:c3:68;WPA-PSK;2437;;;31
MARCIANO_OI;8a:52:43:0e:25:b6;WPA-PSK;2432;WPS;;20
Tricolor;f4:ec:38:ee:90:d2;WPA-PSK;2462;;;20
OrtoradioMarcelo;90:f6:52:23:df:8c;WPA-PSK;2432;WPS;;26
DL141.4.0.0.18;00:1d:c9:d6:39:d9;;2442;;;22
taty dutra assessoria cont鑍bil;00:0e:f4:d6:f9:ba;WPA-PSK;2437;;;24
Infocell;e2:ce:d9:1f:47:80;;2462;WPS;;22
Oi WiFi Fon;e0:88:5d:02:08:6b;;2462;;;26
With_Earp;f8:1a:67:c2:b6:14;WPA-PSK;2437;WPS;;20
FATIMA;c4:e9:84:55:a8:fc;WPA-PSK;2437;WPS;;26
Produtora Kayo Imagens;ce:fc:03:18:65:8e;WPA-PSK;2462;WPS;;22
Otavio;34:08:04:ff:17:67;WPA-PSK;2412;;;51
Nossa Rede;d8:5d:4c:a6:66:b3;WPA-PSK;2412;;;35
sandrabia;ce:84:0d:90:22:2a;WPA-PSK;2412;WPS;;33
WIFI CASA;00:17:d0:6f:dc:49;WPA-PSK;2412;;;22
Oi WiFi Fon;cc:03:fa:2c:d9:1f;;2462;;;44
SOELY;c4:6e:1f:f4:42:bc;WPA-PSK;2437;WPS;;17
Rafaelli;14:da:e9:59:5a:84;WPA-PSK;2462;;;37
Lucielli;e2:47:b6:d8:5c:28;WPA-PSK;2462;WPS;;24
Oi WiFi Fon;e0:88:5d:02:d9:77;;2462;;;37
ZWifi;90:f6:52:df:0e:92;WPA-PSK;2422;WPS;;20
tx;00:1a:3f:1e:bd:4c;WPA-PSK;2462;;;31
Visitantes_pontocopias;d6:ca:6d:6f:65:80;WPA-PSK;2412;;;24
Ponto c뇷pias;d4:ca:6d:6f:65:80;WPA-PSK;2412;;;24
JC;e8:de:27:be:1f:86;WPA-PSK;2412;WPS;;17
ELAINE;c4:e9:84:b8:77:90;WPA-PSK;2447;WPS;;24
Polga;10:fe:ed:71:3e:75;WPA-PSK;2422;WPS;;28
Oi WiFi Fon;72:e9:dd:aa:6a:4b;;2462;;;20
CGMG7;c8:3a:35:53:ef:68;WPA-PSK;2437;;;24
jonathan;44:e9:dd:aa:6a:4a;WPA-PSK;2462;WPS;;28
Paulo_Int;c4:6e:1f:3c:6f:0a;WPA-PSK;2462;WPS;;28
BALE;c8:3a:35:17:cf:20;WPA-PSK;2437;;;40
Paulo_Int;74:ea:3a:d9:03:b6;WPA-PSK;2427;;;24
Cacia_Int;f8:1a:67:c2:d8:5e;WPA-PSK;2437;WPS;;20
Decio;b2:d8:27:73:5e:90;WPA-PSK;2462;WPS;;26
Oi WiFi Fon;b0:c2:87:a8:dd:1c;;2462;;;26
Fernando Terra;b2:6e:72:fb:1a:84;WPA-PSK;2432;WPS;;53
Michelle;f8:1a:67:c2:d8:c0;WPA-PSK;2437;WPS;;53
Oi WiFi Fon;b0:c2:87:f6:09:15;;2432;;;53
carlos;fe:e2:99:7e:eb:b0;WPA-PSK;2462;WPS;;26
vanderlei;b2:a6:06:e3:03:ed;WPA-PSK;2412;WPS;;24
Oi WiFi Fon;b0:c2:87:a8:88:ec;;2412;;;46
HP4D3D72;02:26:36:79:4c:73;;2457;;;28
libanio_santos;5a:ac:ac:d2:15:1c;WPA-PSK;2412;WPS;;20
Oi WiFi Fon;58:23:8c:4f:81:9f;;2412;;;20
Machado e Bordim;c4:6e:1f:e5:30:bc;WPA-PSK;2437;WPS;;20
wireom3-p1;00:02:6f:51:91:1c;WEP;2467;;;26
Amauri;a0:f3:c1:31:59:a4;WPA-PSK;2432;WPS;;26
wireom3-p6h;00:0c:42:67:f6:07;WEP;2422;;;31
wireom3-p5h;00:0c:42:69:63:29;WEP;2442;;;40
dlinkjn;aa:d3:a3:68:21:ba;WPA-PSK;2462;WPS;;26
PedroFarm_Int;30:b5:c2:ce:28:8c;WPA-PSK;2422;WPS;;26
wir_salete;78:54:2e:7c:e9:ba;WPA-PSK;2437;WPS;;24
Maria_Eduarda;90:94:e4:d1:c2:8c;WPA-PSK;2462;WPS;;20
Jubeci;00:02:6f:6c:14:cc;WPA-PSK;2417;WPS;;28
JNmax;00:1a:3f:a4:f1:84;WPA-PSK;2462;WPS;;26
Wir_Felipe;c8:3a:35:2a:16:88;WPA-PSK;2422;;;20
SAIMON&ARIANE;c4:e9:84:81:dd:12;WPA-PSK;2427;WPS;;40
Rogerio Bastos;00:1a:3f:d1:30:e5;WPA-PSK;2462;;;22
Luiza;30:b5:c2:23:62:e8;WPA-PSK;2417;WPS;;24
CasaDB;94:0c:6d:fd:c0:28;WPA-PSK;2432;WPS;;24
Claudia_int;64:70:02:82:a7:56;WPA-PSK;2432;;;17
Altamir_Int;30:b5:c2:ce:28:ea;WPA-PSK;2422;WPS;;26
Portela_int;90:f6:52:b5:98:42;WPA-PSK;2432;WPS;;28
Ezequiel_Int;c4:6e:1f:e4:dc:c6;WPA-PSK;2422;WPS;;22
Oi WiFi Fon;b0:c2:87:a8:85:de;;2432;;;28
NetSul-VR;00:0c:42:6e:1f:2e;WPA-PSK;2467;;;24
cafe;00:25:86:b8:04:62;WPA-PSK;2447;;;46
joao;b2:cf:55:43:a2:c0;WPA-PSK;2432;WPS;;37
CPEREIRA;58:10:8c:b1:84:a8;;2462;WPS;;51
Gessica;00:1f:a4:f6:cb:f0;WPA-PSK;2417;;;22
SEC_LinkShare_674467;e4:7c:f9:5d:a2:9c;WPA-PSK;2422;WPS;;31
Dilson;30:b5:c2:24:58:04;WPA-PSK;2437;WPS;;20
Lourdes_Int;c4:e9:84:bd:91:7e;WPA-PSK;2422;WPS;;26
NOTE_Network;64:66:b3:63:24:a4;WPA-PSK;2462;WPS;;24
wireom8-p3;00:0c:42:68:2f:e5;WEP;2412;;;26
JOMAR_201;b0:48:7a:be:0e:05;WPA-PSK;2412;WPS;;28
Andrea_Int;90:f6:52:b5:a8:4a;WPA-PSK;2432;WPS;;20
Pietra_Net;c4:e9:84:bc:f7:08;WPA-PSK;2442;WPS;;24
Motta_2;14:cc:20:46:4a:8e;WPA-PSK;2422;WPS;;17
Meu__Recanto_2;00:1b:11:9b:3f:c4;WEP;2427;;;20
Belmonte;c4:6e:1f:39:3f:1a;WPA-PSK;2422;WPS;;17
NRS;c8:3a:35:22:2a:18;WPA-PSK;2412;;;31
Motta;00:23:69:81:88:d8;WPA-PSK;2422;WPS;;26
Multilaser_2.4G_540200;c8:3a:35:54:02:00;WPA-PSK;2422;;;26
ronaldo;00:21:27:dc:14:c5;WPA-PSK;2437;;;28
DIRECT-3B-HP DeskJet 3630 series;b0:5a:da:f2:93:3c;WPA-PSK;2437;;;22
Internet;00:1a:3f:d3:d3:68;WPA-PSK;2442;WPS;;26
Casa dos Radiadores;38:46:08:e0:f3:84;WPA-PSK;2412;;;26
Einar-casa;30:b5:c2:7b:e5:ee;WPA-PSK;2437;WPS;;17
WiFi_Lauro;d0:84:b0:a4:88:1f;WPA-PSK;2462;WPS;;26
Oi WiFi Fon;6a:84:b0:a4:88:1c;;2462;;;28
Pereira;64:66:b3:dc:97:fa;WPA-PSK;2412;WPS;;17
Dilmara;30:b5:c2:0c:7c:1e;WPA-PSK;2412;WPS;;26
thais;00:27:19:c9:0e:3c;WPA-PSK;2437;;;20
Jorge_NetSul;90:f6:52:6f:58:fe;WPA-PSK;2437;WPS;;31
CLOVIS;fe:7e:cc:aa:3c:a2;WPA-PSK;2412;WPS;;28
Oi WiFi Fon;fc:52:8d:b5:63:3e;;2412;;;28
jshrede;90:f6:52:dc:d4:da;WPA-PSK;2437;;;20
righes;44:e9:dd:a8:fd:24;WPA-PSK;2462;WPS;;31
Oi WiFi Fon;62:e9:dd:a8:fd:25;;2462;;;26
WIfi casa.;c8:d1:5e:15:72:cc;WPA-PSK;2412;;;37
Luciane_Int;f8:d1:11:3e:5f:18;WPA-PSK;2437;;;26
Norma;00:1a:3f:dc:11:3a;WPA-PSK;2462;WPS;;24
wireom18;e4:8d:8c:f1:94:89;WEP;2432;;;24
SERGIO;c8:3a:35:54:86:10;WPA-PSK;2437;;;42
Oi WiFi Fon;62:10:d4:c4:e3:6c;;2412;;;33
VSF;10:fe:ed:e9:b4:62;WPA-PSK;2412;WPS;;46
PIVOTO;c4:e9:84:41:ab:d6;WPA-PSK;2437;WPS;;26
TP-LINK_LACERDA;54:e6:fc:ea:72:74;WPA-PSK;2432;;;20
Vo Ana;00:1e:58:13:9e:88;WPA-PSK;2462;;;22
DLINK;10:fe:ed:2c:0e:7b;WPA-PSK;2412;WPS;;42
Leo;8c:10:d4:c4:e3:6f;WPA-PSK;2412;WPS;;44
Mascara ;9c:65:b0:c3:a1:88;WPA-PSK;2437;;;22
FELIPE;c8:3a:35:09:64:40;WPA-PSK;2457;;;33
vera ;8c:10:d4:c4:e2:30;WPA-PSK;2462;WPS;;46
Valmir;fe:b7:0a:c6:83:88;WPA-PSK;2422;WPS;;31
Oi WiFi Fon;fc:52:8d:b6:82:56;;2422;;;31
Oi WiFi Fon;62:10:d4:c4:e2:31;;2462;;;35
Fernanda;c8:3a:35:50:0b:d8;WPA-PSK;2437;;;26
Cristian_Int;10:fe:ed:30:9d:de;WPA-PSK;2437;WPS;;26
Ricardo_Int;90:f6:52:b5:a8:4c;WPA-PSK;2427;WPS;;26
LMORAES;f8:d1:11:59:f1:6a;WPA-PSK;2462;WPS;;24
Oi WiFi Fon;5a:91:f9:a1:d4:8b;;2462;;;35
Oi WiFi Fon;72:10:d4:c4:51:21;;2412;;;24
estela;c8:3a:35:15:a0:18;WPA-PSK;2442;;;31
Angelica;a0:f3:c1:a3:b3:6e;WPA-PSK;2462;WPS;;40
Trisciane_oi;d0:84:b0:95:46:01;WPA-PSK;2412;WPS;;26
HP-Print-9D-Deskjet 2540 series;9c:b6:54:db:9a:9d;WPA-PSK;2437;;;33
Paulo;f8:e9:03:8d:35:7a;WPA-PSK;2427;;;20
rede casa;8c:10:d4:c4:51:20;WPA-PSK;2412;WPS;;17
Priscila;30:b5:c2:de:49:26;WPA-PSK;2412;WPS;;17
Multilaser_085E20;c8:3a:35:08:5e:20;WPA-PSK;2432;;;20
Leonardo;e2:aa:00:68:e6:a6;WPA-PSK;2412;WPS;;24
Oi WiFi Fon;e0:88:5d:fa:b9:08;;2412;;;26
Gerson;00:1b:11:a6:22:cc;WPA-PSK;2437;;;22
Bianca_Int;e8:94:f6:cb:fc:ee;WPA-PSK;2432;WPS;;20
Vallau1;5a:f8:de:05:13:41;WPA-PSK;2457;WPS;;35
Claro_int;14:d6:4d:7e:4e:3e;WPA-PSK;2437;WPS;;31
Diamantina;c4:e9:84:a7:e4:24;WPA-PSK;2432;WPS;;26
mercado lunardi ;c8:3a:35:44:e2:78;WPA-PSK;2427;;;22
DAMACENO_WIFI;30:b5:c2:23:a3:e2;WPA-PSK;2427;WPS;;24
wireom14-p1;00:0c:42:68:42:14;WEP;2437;;;26
Pref_Praca;90:f6:52:fe:48:34;;2422;;;20
MP_;54:e6:fc:c9:f6:1a;WPA-PSK;2412;;;20
CARNEOSSO_;14:d6:4d:23:c8:50;WPA-PSK;2437;WPS;;37
Sampaio;f8:d1:11:ae:6c:ae;WPA-PSK;2437;;;31
Oi_Velox_WiFi_6038;d0:84:b0:a1:60:39;WPA-PSK;2462;WPS;;26
Oi WiFi Fon;62:84:b0:a1:60:3a;;2462;;;31
Leda Flores;94:0c:6d:a9:b8:1e;WPA-PSK;2447;;;35
Patrick_Int;f8:1a:67:91:94:e0;WPA-PSK;2427;WPS;;20
Cevv;30:b5:c2:db:3a:12;WPA-PSK;2412;WPS;;22
Larisa;c8:3a:35:5a:85:98;WPA-PSK;2462;;;22
Internet;54:e6:fc:eb:2b:6a;WPA-PSK;2412;;;26
Romerson;c4:e9:84:a8:b5:52;WPA-PSK;2442;WPS;;26
Teixeira_;82:61:b6:17:00:de;WPA-PSK;2412;WPS;;28
Claudio;00:1a:3f:c1:82:b8;WPA-PSK;2417;WPS;;44
AFS;c8:3a:35:01:71:68;WPA-PSK;2412;;;20
Gomes;c8:3a:35:5d:16:28;WPA-PSK;2462;;;26
PauloTransporte;f4:e3:fb:c9:2e:27;WPA-PSK;2417;WPS;;46
Gustavo;c8:d3:a3:4b:ac:86;WPA-PSK;2412;WPS;;33
Jardel;c4:6e:1f:9b:d5:7c;WPA-PSK;2437;WPS;;28
Lais_Int;f4:ec:38:eb:89:7c;WPA-PSK;2412;;;17
Caroline.wifi;c4:e9:84:af:07:ae;WPA-PSK;2442;WPS;;33
BRITTO;18:17:25:0c:37:ee;WPA-PSK;2412;;;20
CASA;e8:de:27:be:18:b0;WPA-PSK;2457;WPS;;26
TENFERNANDES;00:1a:3f:79:1e:26;WPA-PSK;2462;;;40
Rafael;8c:10:d4:c5:67:e8;WPA-PSK;2412;WPS;;22
Oi WiFi Fon;62:10:d4:c5:67:e9;;2412;;;17
DIRECT-xs pass-Philips TV;2e:d0:5a:34:de:9a;WPA-PSK;2462;WPS;;48
Diogo_;c4:e9:84:41:c5:7e;WPA-PSK;2462;WPS;;48
sandra_int;c8:3a:35:32:10:f0;WPA-PSK;2437;;;24
Ines_Int;90:f6:52:5e:f7:2a;WPA-PSK;2427;WPS;;26
CRCM;00:1a:3f:d1:7d:b9;WPA-PSK;2462;;;33
Gabrieli_Int;00:1a:3f:d4:31:9e;WPA-PSK;2427;WPS;;26
Denise_Int;e8:de:27:88:c0:b4;WPA-PSK;2412;WPS;;22
brenda95;f4:ec:38:9b:44:8e;WPA-PSK;2462;;;33
willian;58:10:8c:b9:e0:c6;WPA-PSK;2462;;;22
Virus.exe;c4:e9:84:af:08:32;WPA-PSK;2412;WPS;;28
TP-LINK_66223A;14:cc:20:66:22:3a;WPA-PSK;2462;WPS;;22
Fabiano_Int;14:cc:20:95:6e:aa;WPA-PSK;2422;WPS;;24
Jose_int;f4:ec:38:b1:fe:98;WPA-PSK;2412;WPS;;17
Vera_Int;c4:6e:1f:e5:39:70;WPA-PSK;2427;WPS;;31
NaodoaSenha_Int;e8:94:f6:cb:f8:ee;WPA-PSK;2432;WPS;;20
Janice;b8:55:10:79:4e:38;WPA-PSK;2462;;;35
Isabel1_Int;c8:3a:35:39:4a:50;WPA-PSK;2412;;;20
Marcia_Int;c0:4a:00:7d:b8:2c;WPA-PSK;2427;WPS;;15
Claro;88:e3:ab:14:1c:14;WPA-PSK;2412;WPS;;24
Maronez;c0:4a:00:83:08:5e;WPA-PSK;2437;WPS;;20
Gabriela_Int;30:b5:c2:5a:f8:a2;WPA-PSK;2417;WPS;;26
Merenock;18:17:25:1b:f4:16;WPA-PSK;2457;;;55
joao_int;30:b5:c2:23:ba:1c;WPA-PSK;2417;WPS;;17
Carla_Int;00:1a:3f:7e:9a:3a;WPA-PSK;2427;;;31
Dilamar;c4:6e:1f:e3:f4:a0;WPA-PSK;2412;WPS;;20
BRESSAN;1c:7e:e5:bd:33:d6;WPA-PSK;2437;;;26
ALISSON;cc:b2:55:f8:92:b8;WPA-PSK;2412;WPS;;22
PC-RAFAEL_Network;78:54:2e:a7:d7:96;WPA-PSK;2412;WPS;;26
Oi WiFi Fon;88:f7:c7:70:c2:75;;2462;;;28
LILIAN;8a:13:40:36:47:30;WPA-PSK;2462;WPS;;31
Leonardo;14:cc:20:45:4d:10;WPA-PSK;2412;WPS;;20
WIR_ROBALO;00:27:19:e9:7a:72;WEP;2437;;;26
Rede-Casa;14:cc:20:ed:15:80;WPA-PSK;2462;WPS;;35
Deleon_Int;c8:3a:35:5f:5f:e0;WPA-PSK;2452;;;31
CRISTIANO  ;10:fe:ed:bc:3e:b4;WPA-PSK;2462;WPS;;44
Rede;e8:de:27:7e:d7:da;WPA-PSK;2442;WPS;;28
Claudio;b2:92:bc:93:ae:8d;WPA-PSK;2412;WPS;;24
Oi WiFi Fon;b0:c2:87:a8:ea:c6;;2412;;;24
Caroline_Int;f8:1a:67:91:95:62;WPA-PSK;2432;WPS;;37
juniorinternet;c8:3a:35:44:e4:f0;WPA-PSK;2432;;;20
Oi WiFi Fon;e0:88:5d:02:d9:b3;;2412;;;24
REDE_JORGE;e2:04:c1:09:66:bb;WPA-PSK;2412;WPS;;26
rede beto;5a:25:ac:b4:bd:a7;WPA-PSK;2412;WPS;;26
Oi WiFi Fon;58:23:8c:98:9e:e5;;2412;;;20
Falcao;90:f6:52:a3:3d:ec;WPA-PSK;2462;WPS;;37
BOCHI;5a:fe:15:3e:21:e3;WPA-PSK;2412;WPS;;33
Maria_INT;74:ea:3a:b8:d0:e4;WPA-PSK;2422;WPS;;24
Cecy_Net;00:26:5a:60:99:9e;WEP;2427;;;24
Gehan;fe:2e:a6:27:55:9e;WPA-PSK;2412;WPS;;28
Tarcila;78:44:76:70:c3:8c;WPA-PSK;2462;;;26
juliane_int;b0:48:7a:bd:a4:7a;WPA-PSK;2427;;;24
Rede Milton;c0:4a:00:36:72:18;WPA-PSK;2452;WPS;;24
AMALIA;e8:de:27:f0:12:a0;WPA-PSK;2462;WPS;;22
PATRICIA;00:1a:3f:6e:90:96;WPA-PSK;2462;;;28
Rejane;00:37:b7:b7:1c:89;WPA-PSK;2427;WPS;;22
Oi WiFi Fon;52:37:b7:b7:1c:8a;;2427;;;20
STIL;e2:da:9e:74:46:c9;WPA-PSK;2412;WPS;;20
Oi WiFi Fon;e0:88:5d:02:05:41;;2412;;;28
wir_biermann;00:21:91:5f:bd:ef;WEP;2422;;;24
LUCIANE_WIFI;64:66:b3:a3:2e:b0;WPA-PSK;2462;WPS;;22
JOSE WIFI;c8:d1:5e:16:93:5c;WPA-PSK;2412;;;22
JoaoPaulo_Int;c4:e9:84:a8:94:80;WPA-PSK;2452;WPS;;26
timoteo;d8:5d:4c:af:5e:e0;WPA-PSK;2452;WPS;;26
Everaldo_int;90:f6:52:b5:98:ae;WPA-PSK;2437;;;26
MARIA CLARA;18:17:25:0a:9e:be;WPA-PSK;2412;;;17
BOAVENTURA;e8:de:27:72:40:cc;WPA-PSK;2452;WPS;;26
Ariady_int;c4:6e:1f:3c:6e:ce;WPA-PSK;2422;WPS;;26
Antonio;c8:3a:35:45:db:40;WPA-PSK;2412;;;31
TANIA;00:18:e7:a0:09:20;WPA-PSK;2437;;;40
Oi WiFi Fon;00:18:e7:a0:09:21;;2437;;;40
Marcinha_INT;30:b5:c2:cc:59:a4;WPA-PSK;2427;WPS;;35
Claro Internet;a8:a6:68:fd:bc:dc;WPA-PSK;2452;;;40
Casa_net;c0:4a:00:c4:5e:a0;WPA-PSK;2462;WPS;;15
Altair_Int;e8:de:27:83:ca:ac;WPA-PSK;2432;WPS;;28
sibele;42:b0:fa:76:be:9e;WPA-PSK;2412;;;24
Arelyssom_Nascimento;c4:e9:84:ba:23:68;WPA-PSK;2417;WPS;;24
Elton_Int;6c:19:8f:4d:b3:20;WPA-PSK;2427;;;24
Maria_Helena;fe:95:da:28:30:66;WPA-PSK;2452;WPS;;20
Oi WiFi Fon;fc:52:8d:b6:8d:ac;;2452;;;22
Marcelo;f8:1a:67:c2:d9:02;WPA-PSK;2412;WPS;;20
Casa_Velha;64:66:b3:c1:c1:a4;WPA-PSK;2437;WPS;;22
AUTCONQUISTE;0a:18:d6:29:48:b4;WPA-PSK;2437;;;40
GURSKI - WIFI;00:1a:3f:a4:0d:9c;WPA-PSK;2442;WPS;;20
GURSKI - WIFI;00:1a:3f:25:41:c4;WPA-PSK;2442;;;24
Querencia_Int;54:e6:fc:ea:23:ce;WPA-PSK;2437;;;28
3Com;00:14:7c:b9:89:18;WPA-PSK;2442;;;26
Carmen;d8:fe:e3:7a:1d:8c;WPA-PSK;2462;WPS;;35
wireom9-p3h;00:0c:42:6d:28:74;WEP;2422;;;24
Valeria;30:b5:c2:24:56:a8;WPA-PSK;2417;WPS;;17
Oi WiFi Fon;6a:e9:dd:a8:db:3e;;2462;;;33
jonathan;44:e9:dd:a8:db:3d;WPA-PSK;2462;WPS;;26
Eduardo;fe:28:ad:86:cc:fc;WPA-PSK;2412;WPS;;20
CHAVES;30:b5:c2:f2:78:82;WPA-PSK;2437;WPS;;22
Multilaser_2.4G_0B8890;c8:3a:35:0b:88:90;WPA-PSK;2457;;;26
VERA;a0:f3:c1:31:0f:4a;WPA-PSK;2412;WPS;;24
Roger;00:37:b7:b6:93:1f;WPA-PSK;2412;WPS;;37
Oi WiFi Fon;6a:37:b7:b6:93:1c;;2412;;;42
FERNANDA;c0:4a:00:c5:01:02;WPA-PSK;2412;WPS;;17
MotoG3 3970;84:10:0d:3c:f8:96;WPA-PSK;2462;;;31
Azzolin;ce:63:75:e1:94:08;WPA-PSK;2452;WPS;;26
Oi WiFi Fon;cc:03:fa:2d:fd:29;;2452;;;28
Gugax;00:15:6d:67:23:30;;2447;;;22
Oi WiFi Fon;58:23:8c:97:a3:bd;;2457;;;22
Ludmila;e2:6f:d4:2e:9c:f3;WPA-PSK;2412;WPS;;22
Oi WiFi Fon;e0:88:5d:01:a0:77;;2412;;;24
Cavalo de Troia;64:70:02:a3:fe:54;WPA-PSK;2412;WPS;;24
jederson;5a:82:3f:68:ca:a2;WPA-PSK;2457;WPS;;22
Doleys;e2:cf:02:2f:58:de;WPA-PSK;2442;WPS;;15
Oi WiFi Fon;e0:88:5d:fa:c6:38;;2442;;;20
Fernando;fe:28:9c:52:b8:16;WPA-PSK;2412;WPS;;26
Luis Fernando;e8:94:f6:c3:15:ac;WPA-PSK;2437;WPS;;22
Oi WiFi Fon;fc:52:8d:5a:f6:09;;2412;;;22
LUCIANO H;82:40:fb:c3:6b:84;WPA-PSK;2462;WPS;;22
Oi WiFi Fon;80:29:94:2c:79:30;;2462;;;17
Vanessa_Int;00:1a:3f:74:7f:4e;WPA-PSK;2447;;;24
Iuri;30:b5:c2:da:ef:ea;WPA-PSK;2412;WPS;;26
RR;b8:55:10:4d:39:ac;WPA-PSK;2462;WPS;;17
Matheus;64:66:b3:c1:c6:36;WPA-PSK;2427;WPS;;15
HP-Print-1F-LaserJet 1102;90:48:9a:f1:94:1f;;2437;;;20
Liquigas;e8:de:27:cc:5d:58;WPA-PSK;2412;WPS;;31
LISE_NET;00:23:cd:fe:f7:c0;WPA-PSK;2437;;;40
victoria;64:70:02:82:b4:ae;WPA-PSK;2412;WPS;;26
Machado;00:1a:3f:a4:d8:e8;WPA-PSK;2417;WPS;;26
MMM;f8:1a:67:91:95:9e;WPA-PSK;2422;;;17
Pamela;c4:e9:84:79:f3:26;WPA-PSK;2412;WPS;;20
MAX;fe:5a:c3:d7:55:ff;WPA-PSK;2412;WPS;;44
tp-link;f4:ec:38:9b:45:6e;WPA-PSK;2412;;;40
Oi WiFi Fon;fc:52:8d:5b:26:3d;;2412;;;42
3tentos;c4:e9:84:ae:e2:06;WPA-PSK;2437;WPS;;22
ROSA PIMENTA;00:1a:3f:de:45:96;WPA-PSK;2462;;;24
Casa;64:66:b3:d6:e5:e6;WPA-PSK;2447;WPS;;20
Urutu;64:66:b3:dc:bd:46;WPA-PSK;2462;WPS;;26
JHT;c8:3a:35:2b:ee:78;WPA-PSK;2462;;;20
Oi WiFi Fon;fc:52:8d:5a:f5:67;;2412;;;20
Eloi;c8:3a:35:49:69:60;WPA-PSK;2462;;;26
ALTZM;c8:3a:35:1f:dd:a0;WPA-PSK;2437;;;20
Mara;00:1a:3f:82:04:ca;WPA-PSK;2462;;;20
PAPELARIA;c0:4a:00:fc:2e:63;WPA-PSK;2412;WPS;;31
TP-LINK_0C12;c4:e9:84:af:0c:12;WPA-PSK;2462;WPS;;17
Oi WiFi Fon;fc:52:8d:b6:cd:ea;;2452;;;22
Carlos;fe:cd:04:c4:c9:5c;WPA-PSK;2452;WPS;;24
HP-Print-F6-LaserJet 1102;bc:85:56:2e:7c:f6;;2437;;;28
CELSO;c0:4a:00:69:17:9c;WPA-PSK;2437;WPS;;22
Parreira;f4:dc:f9:c5:b8:95;WPA-PSK;2452;;;20
Enio_Int;c0:4a:00:69:70:e0;WPA-PSK;2427;WPS;;20
wir_casadabento;c0:4a:00:5d:01:1a;WPA-PSK;2412;WPS;;15
thebaker;00:1a:3f:2d:d4:b0;WPA-PSK;2462;;;26
casadabento;b2:97:77:47:3a:5c;WPA-PSK;2412;WPS;;20
Oi WiFi Fon;b0:c2:87:f6:2c:9b;;2412;;;26
RauterV;1c:af:f7:5c:0c:42;WPA-PSK;2437;;;20
Roberto;c0:4a:00:0d:b1:5b;WPA-PSK;2462;WPS;;26
RAUTERIII;00:1a:3f:82:a2:32;WPA-PSK;2462;;;31
Melissa;18:17:25:28:a6:68;WPA-PSK;2412;;;15
EstacaoSaber;14:d6:4d:c9:3c:34;;2437;WPS;;24
PMTELECENTRO;10:fe:ed:0e:f9:34;WPA-PSK;2462;WPS;;24
Vera_Int;90:f6:52:6d:cb:d4;WPA-PSK;2412;WPS;;20
Rosane;00:1a:3f:2d:94:aa;WPA-PSK;2412;;;24
Fernando;c0:4a:00:dc:90:0c;WPA-PSK;2412;WPS;;24
G;e4:8d:8c:ae:66:bc;WPA-PSK;2412;;;24
modulotres;94:0c:6d:b1:63:82;WPA-PSK;2447;;;31
lab1;14:cc:20:8e:f7:0c;WPA-PSK;2437;WPS;;26
TP-Link;64:66:b3:e5:8c:e2;WPA-PSK;2462;WPS;;22
Optimus L40_2685;48:59:29:fa:34:ef;WPA-PSK;2437;;;20
Debora_Int;90:f6:52:5f:16:bc;WPA-PSK;2427;WPS;;26
SJPH20;00:1a:3f:8d:d7:36;WPA-PSK;2412;;;15
BATISTA CHURRASCARIA;14:cc:20:a2:39:68;WPA-PSK;2462;;;20
Elenir;3c:e5:b4:0c:11:de;WPA-PSK;2437;WPS;;33
ALINE;64:66:b3:9a:c4:d8;WPA-PSK;2462;;;24
GB_Lancheria_do_Batista;00:1a:3f:63:5d:91;;2462;;;33
WMBDR;c4:6e:1f:0a:18:02;WPA-PSK;2412;WPS;;24
HPC67620;02:20:a0:2c:eb:27;;2457;;;24
Valmir_Int;c8:3a:35:54:8f:38;WPA-PSK;2422;;;35